,movie_id,movie_title,rel_date,unknown,Action,Adventure,Animation,Children's,Comedy,Crime,Documentary,Drama,Fantasy,Film-Noir,Horror,Musical,Mystery,Romance,Sci-Fi,Thriller,War,Western,rel_year,numMovieRatings,avgRating
407,408,"Close Shave, A (1995)",28-Apr-1996,0,0,0,1,0,1,0,0,0,0,0,0,0,0,0,0,1,0,0,1996,112,4.4911
317,318,Schindler's List (1993),01-Jan-1993,0,0,0,0,0,0,0,0,1,0,0,0,0,0,0,0,0,1,0,1993,298,4.4664
168,169,"Wrong Trousers, The (1993)",01-Jan-1993,0,0,0,1,0,1,0,0,0,0,0,0,0,0,0,0,0,0,0,1993,118,4.4661
482,483,Casablanca (1942),01-Jan-1942,0,0,0,0,0,0,0,0,1,0,0,0,0,0,1,0,0,1,0,1942,243,4.4568
113,114,Wallace & Gromit: The Best of Aardman Animation (1996),05-Apr-1996,0,0,0,1,0,0,0,0,0,0,0,0,0,0,0,0,0,0,0,1996,67,4.4478
63,64,"Shawshank Redemption, The (1994)",01-Jan-1994,0,0,0,0,0,0,0,0,1,0,0,0,0,0,0,0,0,0,0,1994,283,4.4452
602,603,Rear Window (1954),01-Jan-1954,0,0,0,0,0,0,0,0,0,0,0,0,0,1,0,0,1,0,0,1954,209,4.3876
11,12,"Usual Suspects, The (1995)",14-Aug-1995,0,0,0,0,0,0,1,0,0,0,0,0,0,0,0,0,1,0,0,1995,267,4.3858
49,50,Star Wars (1977),01-Jan-1977,0,1,1,0,0,0,0,0,0,0,0,0,0,0,1,1,0,1,0,1977,583,4.3585
177,178,12 Angry Men (1957),01-Jan-1957,0,0,0,0,0,0,0,0,1,0,0,0,0,0,0,0,0,0,0,1957,125,4.344
512,513,"Third Man, The (1949)",01-Jan-1949,0,0,0,0,0,0,0,0,0,0,0,0,0,1,0,0,1,0,0,1949,72,4.3333
133,134,Citizen Kane (1941),01-Jan-1941,0,0,0,0,0,0,0,0,1,0,0,0,0,0,0,0,0,0,0,1941,198,4.2929
426,427,To Kill a Mockingbird (1962),01-Jan-1962,0,0,0,0,0,0,0,0,1,0,0,0,0,0,0,0,0,0,0,1962,219,4.2922
356,357,One Flew Over the Cuckoo's Nest (1975),01-Jan-1975,0,0,0,0,0,0,0,0,1,0,0,0,0,0,0,0,0,0,0,1975,264,4.2917
97,98,"Silence of the Lambs, The (1991)",01-Jan-1991,0,0,0,0,0,0,0,0,1,0,0,0,0,0,0,0,1,0,0,1991,390,4.2897
479,480,North by Northwest (1959),01-Jan-1959,0,0,0,0,0,1,0,0,0,0,0,0,0,0,0,0,1,0,0,1959,179,4.2849
126,127,"Godfather, The (1972)",01-Jan-1972,0,1,0,0,0,0,1,0,1,0,0,0,0,0,0,0,0,0,0,1972,413,4.2833
284,285,Secrets & Lies (1996),04-Oct-1996,0,0,0,0,0,0,0,0,1,0,0,0,0,0,0,0,0,0,0,1996,162,4.2654
271,272,Good Will Hunting (1997),01-Jan-1997,0,0,0,0,0,0,0,0,1,0,0,0,0,0,0,0,0,0,0,1997,198,4.2626
656,657,"Manchurian Candidate, The (1962)",01-Jan-1962,0,0,0,0,0,0,0,0,0,0,1,0,0,0,0,0,1,0,0,1962,131,4.2595
473,474,Dr. Strangelove or: How I Learned to Stop Worrying and Love the Bomb (1963),01-Jan-1963,0,0,0,0,0,0,0,0,0,0,0,0,0,0,0,1,0,1,0,1963,194,4.2526
173,174,Raiders of the Lost Ark (1981),01-Jan-1981,0,1,1,0,0,0,0,0,0,0,0,0,0,0,0,0,0,0,0,1981,420,4.2524
478,479,Vertigo (1958),01-Jan-1958,0,0,0,0,0,0,0,0,0,0,0,0,0,1,0,0,1,0,0,1958,179,4.2514
312,313,Titanic (1997),01-Jan-1997,0,1,0,0,0,0,0,0,1,0,0,0,0,0,1,0,0,0,0,1997,350,4.2457
510,511,Lawrence of Arabia (1962),01-Jan-1962,0,0,1,0,0,0,0,0,0,0,0,0,0,0,0,0,0,1,0,1962,173,4.2312
483,484,"Maltese Falcon, The (1941)",01-Jan-1941,0,0,0,0,0,0,0,0,0,0,1,0,0,1,0,0,0,0,0,1941,138,4.2101
171,172,"Empire Strikes Back, The (1980)",01-Jan-1980,0,1,1,0,0,0,0,0,1,0,0,0,0,0,1,1,0,1,0,1980,367,4.2044
514,515,"Boot, Das (1981)",04-Apr-1997,0,1,0,0,0,0,0,0,1,0,0,0,0,0,0,0,0,1,0,1997,201,4.204
487,488,Sunset Blvd. (1950),01-Jan-1950,0,0,0,0,0,0,0,0,0,0,1,0,0,0,0,0,0,0,0,1950,65,4.2
222,223,Sling Blade (1996),22-Nov-1996,0,0,0,0,0,0,0,0,1,0,0,0,0,0,0,0,1,0,0,1996,136,4.1985
315,316,As Good As It Gets (1997),23-Dec-1997,0,0,0,0,0,1,0,0,1,0,0,0,0,0,0,0,0,0,0,1997,112,4.1964
186,187,"Godfather: Part II, The (1974)",01-Jan-1974,0,1,0,0,0,0,1,0,1,0,0,0,0,0,0,0,0,0,0,1974,209,4.1866
497,498,"African Queen, The (1951)",01-Jan-1951,0,1,1,0,0,0,0,0,0,0,0,0,0,0,1,0,0,1,0,1951,152,4.1842
198,199,"Bridge on the River Kwai, The (1957)",01-Jan-1957,0,0,0,0,0,0,0,0,1,0,0,0,0,0,0,0,0,1,0,1957,165,4.1758
169,170,Cinema Paradiso (1988),01-Jan-1988,0,0,0,0,0,1,0,0,1,0,0,0,0,0,1,0,0,0,0,1988,121,4.1736
172,173,"Princess Bride, The (1987)",01-Jan-1987,0,1,1,0,0,1,0,0,0,0,0,0,0,0,1,0,0,0,0,1987,324,4.1728
190,191,Amadeus (1984),01-Jan-1984,0,0,0,0,0,0,0,0,1,0,0,0,0,1,0,0,0,0,0,1984,276,4.163
301,302,L.A. Confidential (1997),01-Jan-1997,0,0,0,0,0,0,1,0,0,0,1,0,0,1,0,0,1,0,0,1997,297,4.1616
99,100,Fargo (1996),14-Feb-1997,0,0,0,0,0,0,1,0,1,0,0,0,0,0,0,0,1,0,0,1997,508,4.1555
922,923,Raise the Red Lantern (1991),01-Jan-1991,0,0,0,0,0,0,0,0,1,0,0,0,0,0,0,0,0,0,0,1991,58,4.1552
21,22,Braveheart (1995),16-Feb-1996,0,1,0,0,0,0,0,0,1,0,0,0,0,0,0,0,0,1,0,1996,297,4.1515
492,493,"Thin Man, The (1934)",01-Jan-1934,0,0,0,0,0,0,0,0,0,0,0,0,0,1,0,0,0,0,0,1934,60,4.15
88,89,Blade Runner (1982),01-Jan-1982,0,0,0,0,0,0,0,0,0,0,1,0,0,0,0,1,0,0,0,1982,275,4.1382
189,190,Henry V (1989),01-Jan-1989,0,0,0,0,0,0,0,0,1,0,0,0,0,0,0,0,0,1,0,1989,124,4.1371
653,654,Chinatown (1974),01-Jan-1974,0,0,0,0,0,0,0,0,0,0,1,0,0,1,0,0,1,0,0,1974,147,4.1361
527,528,"Killing Fields, The (1984)",01-Jan-1984,0,0,0,0,0,0,0,0,1,0,0,0,0,0,0,0,0,1,0,1984,121,4.1322
135,136,Mr. Smith Goes to Washington (1939),01-Jan-1939,0,0,0,0,0,0,0,0,1,0,0,0,0,0,0,0,0,0,0,1939,105,4.1238
495,496,It's a Wonderful Life (1946),01-Jan-1946,0,0,0,0,0,0,0,0,1,0,0,0,0,0,0,0,0,0,0,1946,231,4.1212
22,23,Taxi Driver (1976),16-Feb-1996,0,0,0,0,0,0,0,0,1,0,0,0,0,0,0,0,1,0,0,1996,182,4.1209
165,166,Manon of the Spring (Manon des sources) (1986),01-Jan-1986,0,0,0,0,0,0,0,0,1,0,0,0,0,0,0,0,0,0,0,1986,58,4.1207
191,192,Raging Bull (1980),01-Jan-1980,0,0,0,0,0,0,0,0,1,0,0,0,0,0,0,0,0,0,0,1980,116,4.1207
488,489,Notorious (1946),01-Jan-1946,0,0,0,0,0,0,0,0,0,0,1,0,0,0,1,0,1,0,0,1946,52,4.1154
477,478,"Philadelphia Story, The (1940)",01-Jan-1940,0,0,0,0,0,1,0,0,0,0,0,0,0,0,1,0,0,0,0,1940,104,4.1154
164,165,Jean de Florette (1986),01-Jan-1986,0,0,0,0,0,0,0,0,1,0,0,0,0,0,0,0,0,0,0,1986,64,4.1094
188,189,"Grand Day Out, A (1992)",01-Jan-1992,0,0,0,1,0,1,0,0,0,0,0,0,0,0,0,0,0,0,0,1992,66,4.1061
519,520,"Great Escape, The (1963)",01-Jan-1963,0,0,1,0,0,0,0,0,0,0,0,0,0,0,0,0,0,1,0,1963,124,4.1048
196,197,"Graduate, The (1967)",01-Jan-1967,0,0,0,0,0,0,0,0,1,0,0,0,0,0,1,0,0,0,0,1967,239,4.1046
486,487,Roman Holiday (1953),01-Jan-1953,0,0,0,0,0,1,0,0,0,0,0,0,0,0,1,0,0,0,0,1953,68,4.1029
660,661,High Noon (1952),01-Jan-1952,0,0,0,0,0,0,0,0,0,0,0,0,0,0,0,0,0,0,1,1952,88,4.1023
184,185,Psycho (1960),01-Jan-1960,0,0,0,0,0,0,0,0,0,0,0,1,0,0,1,0,1,0,0,1960,239,4.1004
646,647,Ran (1985),01-Jan-1985,0,0,0,0,0,0,0,0,1,0,0,0,0,0,0,0,0,1,0,1985,70,4.1
314,315,Apt Pupil (1998),23-Oct-1998,0,0,0,0,0,0,0,0,1,0,0,0,0,0,0,0,1,0,0,1998,160,4.1
518,519,"Treasure of the Sierra Madre, The (1948)",01-Jan-1948,0,0,1,0,0,0,0,0,0,0,0,0,0,0,0,0,0,0,0,1948,80,4.1
47,48,Hoop Dreams (1994),01-Jan-1994,0,0,0,0,0,0,0,1,0,0,0,0,0,0,0,0,0,0,0,1994,117,4.094
658,659,Arsenic and Old Lace (1944),01-Jan-1944,0,0,0,0,0,1,0,0,0,0,0,0,0,1,0,0,1,0,0,1944,115,4.0783
131,132,"Wizard of Oz, The (1939)",01-Jan-1939,0,0,1,0,1,0,0,0,1,0,0,0,1,0,0,0,0,0,0,1939,246,4.0772
650,651,Glory (1989),01-Jan-1989,0,1,0,0,0,0,0,0,1,0,0,0,0,0,0,0,0,1,0,1989,171,4.076
167,168,Monty Python and the Holy Grail (1974),01-Jan-1974,0,0,0,0,0,1,0,0,0,0,0,0,0,0,0,0,0,0,0,1974,316,4.0665
82,83,Much Ado About Nothing (1993),01-Jan-1993,0,0,0,0,0,1,0,0,0,0,0,0,0,0,1,0,0,0,0,1993,176,4.0625
55,56,Pulp Fiction (1994),01-Jan-1994,0,0,0,0,0,0,1,0,1,0,0,0,0,0,0,0,0,0,0,1994,394,4.0609
58,59,Three Colors: Red (1994),01-Jan-1994,0,0,0,0,0,0,0,0,1,0,0,0,0,0,0,0,0,0,0,1994,83,4.0602
193,194,"Sting, The (1973)",01-Jan-1973,0,0,0,0,0,1,1,0,0,0,0,0,0,0,0,0,0,0,0,1973,241,4.0581
632,633,"Christmas Carol, A (1938)",01-Jan-1938,0,0,0,0,0,0,0,0,1,0,0,0,0,0,0,0,0,0,0,1938,69,4.058
123,124,Lone Star (1996),21-Jun-1996,0,0,0,0,0,0,0,0,1,0,0,0,0,1,0,0,0,0,0,1996,187,4.0535
614,615,"39 Steps, The (1935)",01-Jan-1935,0,0,0,0,0,0,0,0,0,0,0,0,0,0,0,0,1,0,0,1935,59,4.0508
44,45,Eat Drink Man Woman (1994),01-Jan-1994,0,0,0,0,0,1,0,0,1,0,0,0,0,0,0,0,0,0,0,1994,80,4.05
605,606,All About Eve (1950),01-Jan-1950,0,0,0,0,0,0,0,0,1,0,0,0,0,0,0,0,0,0,0,1950,66,4.0455
179,180,Apocalypse Now (1979),01-Jan-1979,0,0,0,0,0,0,0,0,1,0,0,0,0,0,0,0,0,1,0,1979,221,4.0452
78,79,"Fugitive, The (1993)",01-Jan-1993,0,1,0,0,0,0,0,0,0,0,0,0,0,0,0,0,1,0,0,1993,336,4.0446
182,183,Alien (1979),01-Jan-1979,0,1,0,0,0,0,0,0,0,0,0,1,0,0,0,1,1,0,0,1979,291,4.0344
647,648,"Quiet Man, The (1952)",01-Jan-1952,0,0,0,0,0,1,0,0,0,0,0,0,0,0,1,0,0,0,0,1952,67,4.0299
708,709,Strictly Ballroom (1992),01-Jan-1992,0,0,0,0,0,1,0,0,0,0,0,0,0,0,1,0,0,0,0,1992,104,4.0288
524,525,"Big Sleep, The (1946)",01-Jan-1946,0,0,0,0,0,0,0,0,0,0,1,0,0,1,0,0,0,0,0,1946,73,4.0274
529,530,"Man Who Would Be King, The (1975)",01-Jan-1975,0,0,1,0,0,0,0,0,0,0,0,0,0,0,0,0,0,0,0,1975,80,4.025
526,527,Gandhi (1982),01-Jan-1982,0,0,0,0,0,0,0,0,1,0,0,0,0,0,0,0,0,0,0,1982,195,4.0205
489,490,To Catch a Thief (1955),01-Jan-1955,0,0,0,0,0,1,0,0,0,0,0,0,0,0,1,0,1,0,0,1955,50,4.02
59,60,Three Colors: Blue (1993),01-Jan-1993,0,0,0,0,0,0,0,0,1,0,0,0,0,0,0,0,0,0,0,1993,64,4.0156
603,604,It Happened One Night (1934),01-Jan-1934,0,0,0,0,0,1,0,0,0,0,0,0,0,0,0,0,0,0,0,1934,81,4.0123
274,275,Sense and Sensibility (1995),01-Jan-1995,0,0,0,0,0,0,0,0,1,0,0,0,0,0,1,0,0,0,0,1995,268,4.0112
1038,1039,Hamlet (1996),24-Jan-1997,0,0,0,0,0,0,0,0,1,0,0,0,0,0,0,0,0,0,0,1997,90,4.0111
197,198,Nikita (La Femme Nikita) (1990),01-Jan-1990,0,0,0,0,0,0,0,0,0,0,0,0,0,0,0,0,1,0,0,1990,127,4.0079
180,181,Return of the Jedi (1983),14-Mar-1997,0,1,1,0,0,0,0,0,0,0,0,0,0,0,1,1,0,1,0,1997,507,4.0079
95,96,Terminator 2: Judgment Day (1991),01-Jan-1991,0,1,0,0,0,0,0,0,0,0,0,0,0,0,0,1,1,0,0,1991,295,4.0068
504,505,Dial M for Murder (1954),01-Jan-1954,0,0,0,0,0,0,0,0,0,0,0,0,0,1,0,0,1,0,0,1954,68,4.0
511,512,Wings of Desire (1987),01-Jan-1987,0,0,0,0,0,1,0,0,1,0,0,0,0,0,1,0,0,0,0,1987,57,4.0
493,494,His Girl Friday (1940),01-Jan-1940,0,0,0,0,0,1,0,0,0,0,0,0,0,0,0,0,0,0,0,1940,56,4.0
429,430,Duck Soup (1933),01-Jan-1933,0,0,0,0,0,1,0,0,0,0,0,0,0,0,0,0,0,1,0,1933,93,4.0
7,8,Babe (1995),01-Jan-1995,0,0,0,0,1,1,0,0,1,0,0,0,0,0,0,0,0,0,0,1995,219,3.9954
522,523,Cool Hand Luke (1967),01-Jan-1967,0,0,0,0,0,1,0,0,1,0,0,0,0,0,0,0,0,0,0,1967,164,3.9939
704,705,Singin' in the Rain (1952),01-Jan-1952,0,0,0,0,0,0,0,0,0,0,0,0,1,0,1,0,0,0,0,1952,137,3.9927
204,205,Patton (1970),01-Jan-1970,0,0,0,0,0,0,0,0,1,0,0,0,0,0,0,0,0,1,0,1970,136,3.9926
241,242,Kolya (1996),24-Jan-1997,0,0,0,0,0,1,0,0,0,0,0,0,0,0,0,0,0,0,0,1997,117,3.9915
155,156,Reservoir Dogs (1992),01-Jan-1992,0,0,0,0,0,0,1,0,0,0,0,0,0,0,0,0,1,0,0,1992,148,3.9865
212,213,"Room with a View, A (1986)",01-Jan-1986,0,0,0,0,0,0,0,0,1,0,0,0,0,0,1,0,0,0,0,1986,134,3.9851
481,482,Some Like It Hot (1959),01-Jan-1959,0,0,0,0,0,1,1,0,0,0,0,0,0,0,0,0,0,0,0,1959,128,3.9844
528,529,My Life as a Dog (Mitt liv som hund) (1985),01-Jan-1985,0,0,0,0,0,0,0,0,1,0,0,0,0,0,0,0,0,0,0,1985,93,3.9785
606,607,Rebecca (1940),01-Jan-1940,0,0,0,0,0,0,0,0,0,0,0,0,0,0,1,0,1,0,0,1940,66,3.9697
134,135,2001: A Space Odyssey (1968),01-Jan-1968,0,0,0,0,0,0,0,0,1,0,0,0,0,1,0,1,1,0,0,1968,259,3.9691
515,516,Local Hero (1983),01-Jan-1983,0,0,0,0,0,1,0,0,0,0,0,0,0,0,0,0,0,0,0,1983,63,3.9683
13,14,"Postino, Il (1994)",01-Jan-1994,0,0,0,0,0,0,0,0,1,0,0,0,0,0,1,0,0,0,0,1994,183,3.9672
296,297,Ulee's Gold (1997),01-Jan-1997,0,0,0,0,0,0,0,0,1,0,0,0,0,0,0,0,0,0,0,1997,50,3.96
18,19,Antonia's Line (1995),01-Jan-1995,0,0,0,0,0,0,0,0,1,0,0,0,0,0,0,0,0,0,0,1995,69,3.9565
498,499,Cat on a Hot Tin Roof (1958),01-Jan-1958,0,0,0,0,0,0,0,0,1,0,0,0,0,0,0,0,0,0,0,1958,62,3.9516
181,182,GoodFellas (1990),01-Jan-1990,0,0,0,0,0,0,1,0,1,0,0,0,0,0,0,0,0,0,0,1990,226,3.9513
434,435,Butch Cassidy and the Sundance Kid (1969),01-Jan-1969,0,1,0,0,0,1,0,0,0,0,0,0,0,0,0,0,0,0,1,1969,216,3.9491
305,306,"Mrs. Brown (Her Majesty, Mrs. Brown) (1997)",01-Jan-1997,0,0,0,0,0,0,0,0,1,0,0,0,0,0,1,0,0,0,0,1997,96,3.9479
175,176,Aliens (1986),01-Jan-1986,0,1,0,0,0,0,0,0,0,0,0,0,0,0,0,1,1,1,0,1986,284,3.9472
207,208,Young Frankenstein (1974),01-Jan-1974,0,0,0,0,0,1,0,0,0,0,0,1,0,0,0,0,0,0,0,1974,200,3.945
509,510,"Magnificent Seven, The (1954)",01-Jan-1954,0,1,0,0,0,0,0,0,1,0,0,0,0,0,0,0,0,0,1,1954,121,3.9421
85,86,"Remains of the Day, The (1993)",01-Jan-1993,0,0,0,0,0,0,0,0,1,0,0,0,0,0,0,0,0,0,0,1993,150,3.94
428,429,"Day the Earth Stood Still, The (1951)",01-Jan-1951,0,0,0,0,0,0,0,0,1,0,0,0,0,0,0,1,0,0,0,1951,97,3.9381
480,481,"Apartment, The (1960)",01-Jan-1960,0,0,0,0,0,1,0,0,1,0,0,0,0,0,0,0,0,0,0,1960,63,3.9365
735,736,Shadowlands (1993),01-Jan-1993,0,0,0,0,0,0,0,0,1,0,0,0,0,0,1,0,0,0,0,1993,78,3.9359
245,246,Chasing Amy (1997),01-Jan-1997,0,0,0,0,0,0,0,0,1,0,0,0,0,0,1,0,0,0,0,1997,124,3.9355
194,195,"Terminator, The (1984)",01-Jan-1984,0,1,0,0,0,0,0,0,0,0,0,0,0,0,0,1,1,0,0,1984,301,3.9336
27,28,Apollo 13 (1995),01-Jan-1995,0,1,0,0,0,0,0,0,1,0,0,0,0,0,0,0,1,0,0,1995,276,3.9312
209,210,Indiana Jones and the Last Crusade (1989),01-Jan-1989,0,1,1,0,0,0,0,0,0,0,0,0,0,0,0,0,0,0,0,1989,331,3.9305
706,707,Enchanted April (1991),01-Jan-1991,0,0,0,0,0,0,0,0,1,0,0,0,0,0,0,0,0,0,0,1991,70,3.9286
268,269,"Full Monty, The (1997)",01-Jan-1997,0,0,0,0,0,1,0,0,0,0,0,0,0,0,0,0,0,0,0,1997,315,3.927
530,531,Shine (1996),22-Nov-1996,0,0,0,0,0,0,0,0,1,0,0,0,0,0,1,0,0,0,0,1996,129,3.9225
192,193,"Right Stuff, The (1983)",01-Jan-1983,0,0,0,0,0,0,0,0,1,0,0,0,0,0,0,0,0,0,0,1983,157,3.9172
195,196,Dead Poets Society (1989),01-Jan-1989,0,0,0,0,0,0,0,0,1,0,0,0,0,0,0,0,0,0,0,1989,251,3.9163
210,211,M*A*S*H (1970),01-Jan-1970,0,0,0,0,0,1,0,0,0,0,0,0,0,0,0,0,0,1,0,1970,206,3.9126
316,317,In the Name of the Father (1993),01-Jan-1993,0,0,0,0,0,0,0,0,1,0,0,0,0,0,0,0,0,0,0,1993,102,3.9118
513,514,Annie Hall (1977),01-Jan-1977,0,0,0,0,0,1,0,0,0,0,0,0,0,0,1,0,0,0,0,1977,180,3.9111
215,216,When Harry Met Sally... (1989),01-Jan-1989,0,0,0,0,0,1,0,0,0,0,0,0,0,0,1,0,0,0,0,1989,290,3.9103
178,179,"Clockwork Orange, A (1971)",01-Jan-1971,0,0,0,0,0,0,0,0,0,0,0,0,0,0,0,1,0,0,0,1971,221,3.9095
86,87,Searching for Bobby Fischer (1993),01-Jan-1993,0,0,0,0,0,0,0,0,1,0,0,0,0,0,0,0,0,0,0,1993,138,3.9058
208,209,This Is Spinal Tap (1984),01-Jan-1984,0,0,0,0,0,1,0,0,1,0,0,0,1,0,0,0,0,0,0,1984,191,3.9058
662,663,Being There (1979),01-Jan-1979,0,0,0,0,0,1,0,0,0,0,0,0,0,0,0,0,0,0,0,1979,116,3.9052
136,137,Big Night (1996),20-Sep-1996,0,0,0,0,0,0,0,0,1,0,0,0,0,0,0,0,0,0,0,1996,171,3.9006
631,632,Sophie's Choice (1982),01-Jan-1982,0,0,0,0,0,0,0,0,1,0,0,0,0,0,0,0,0,0,0,1982,58,3.8966
8,9,Dead Man Walking (1995),01-Jan-1995,0,0,0,0,0,0,0,0,1,0,0,0,0,0,0,0,0,0,0,1995,299,3.8963
812,813,"Celluloid Closet, The (1995)",15-Mar-1996,0,0,0,0,0,0,0,1,0,0,0,0,0,0,0,0,0,0,0,1996,56,3.8929
651,652,Rosencrantz and Guildenstern Are Dead (1990),01-Jan-1990,0,0,0,0,0,1,0,0,1,0,0,0,0,0,0,0,0,0,0,1990,90,3.8889
474,475,Trainspotting (1996),19-Jul-1996,0,0,0,0,0,0,0,0,1,0,0,0,0,0,0,0,0,0,0,1996,250,3.884
654,655,Stand by Me (1986),01-Jan-1986,0,0,1,0,0,1,0,0,1,0,0,0,0,0,0,0,0,0,0,1986,227,3.8811
0,1,Toy Story (1995),01-Jan-1995,0,0,0,1,1,1,0,0,0,0,0,0,0,0,0,0,0,0,0,1995,452,3.8783
170,171,Delicatessen (1991),01-Jan-1991,0,0,0,0,0,1,0,0,0,0,0,0,0,0,0,1,0,0,0,1991,65,3.8769
237,238,Raising Arizona (1987),01-Jan-1987,0,0,0,0,0,1,0,0,0,0,0,0,0,0,0,0,0,0,0,1987,256,3.875
143,144,Die Hard (1988),01-Jan-1988,0,1,0,0,0,0,0,0,0,0,0,0,0,0,0,0,1,0,0,1988,243,3.8724
132,133,Gone with the Wind (1939),01-Jan-1939,0,0,0,0,0,0,0,0,1,0,0,0,0,0,1,0,0,1,0,1939,171,3.8713
202,203,Unforgiven (1992),01-Jan-1992,0,0,0,0,0,0,0,0,0,0,0,0,0,0,0,0,0,0,1,1992,182,3.8681
491,492,East of Eden (1955),01-Jan-1955,0,0,0,0,0,0,0,0,1,0,0,0,0,0,0,0,0,0,0,1955,59,3.8644
60,61,Three Colors: White (1994),01-Jan-1994,0,0,0,0,0,0,0,0,1,0,0,0,0,0,0,0,0,0,0,1994,59,3.8644
264,265,"Hunt for Red October, The (1990)",01-Jan-1990,0,1,0,0,0,0,0,0,0,0,0,0,0,0,0,0,1,0,0,1990,227,3.8634
176,177,"Good, The Bad and The Ugly, The (1966)",01-Jan-1966,0,1,0,0,0,0,0,0,0,0,0,0,0,0,0,0,0,0,1,1966,137,3.8613
462,463,"Secret of Roan Inish, The (1994)",01-Jan-1994,0,0,1,0,0,0,0,0,0,0,0,0,0,0,0,0,0,0,0,1994,71,3.8592
505,506,Rebel Without a Cause (1955),01-Jan-1955,0,0,0,0,0,0,0,0,1,0,0,0,0,0,0,0,0,0,0,1955,90,3.8556
749,750,Amistad (1997),18-Dec-1997,0,0,0,0,0,0,0,0,1,0,0,0,0,0,0,0,0,0,0,1997,124,3.8548
734,735,Philadelphia (1993),01-Jan-1993,0,0,0,0,0,0,0,0,1,0,0,0,0,0,0,0,0,0,0,1993,137,3.854
68,69,Forrest Gump (1994),01-Jan-1994,0,0,0,0,0,1,0,0,0,0,0,0,0,0,1,0,0,1,0,1994,321,3.8536
508,509,My Left Foot (1989),01-Jan-1989,0,0,0,0,0,0,0,0,1,0,0,0,0,0,0,0,0,0,0,1989,121,3.8512
10,11,Seven (Se7en) (1995),01-Jan-1995,0,0,0,0,0,0,1,0,0,0,0,0,0,0,0,0,1,0,0,1995,236,3.8475
496,497,Bringing Up Baby (1938),01-Jan-1938,0,0,0,0,0,1,0,0,0,0,0,0,0,0,0,0,0,0,0,1938,68,3.8382
185,186,"Blues Brothers, The (1980)",01-Jan-1980,0,1,0,0,0,1,0,0,0,0,0,0,1,0,0,0,0,0,0,1980,251,3.8367
433,434,Forbidden Planet (1956),01-Jan-1956,0,0,0,0,0,0,0,0,0,0,0,0,0,0,0,1,0,0,0,1956,67,3.8358
203,204,Back to the Future (1985),01-Jan-1985,0,0,0,0,0,1,0,0,0,0,0,0,0,0,0,1,0,0,0,1985,350,3.8343
520,521,"Deer Hunter, The (1978)",01-Jan-1978,0,0,0,0,0,0,0,0,1,0,0,0,0,0,0,0,0,1,0,1978,120,3.8333
422,423,E.T. the Extra-Terrestrial (1982),01-Jan-1982,0,0,0,0,1,0,0,0,1,1,0,0,0,0,0,1,0,0,0,1982,300,3.8333
9,10,Richard III (1995),22-Jan-1996,0,0,0,0,0,0,0,0,1,0,0,0,0,0,0,0,0,1,0,1996,89,3.8315
525,526,Ben-Hur (1959),01-Jan-1959,0,1,1,0,0,0,0,0,1,0,0,0,0,0,0,0,0,0,0,1959,124,3.8306
149,150,Swingers (1996),18-Oct-1996,0,0,0,0,0,1,0,0,1,0,0,0,0,0,0,0,0,0,0,1996,157,3.828
199,200,"Shining, The (1980)",01-Jan-1980,0,0,0,0,0,0,0,0,0,0,0,1,0,0,0,0,0,0,0,1980,206,3.8252
115,116,Cold Comfort Farm (1995),23-Apr-1996,0,0,0,0,0,1,0,0,0,0,0,0,0,0,0,0,0,0,0,1996,125,3.824
128,129,Bound (1996),04-Oct-1996,0,0,0,0,0,0,1,0,1,0,0,0,0,0,1,0,1,0,0,1996,129,3.8217
503,504,Bonnie and Clyde (1967),01-Jan-1967,0,0,0,0,0,0,1,0,1,0,0,0,0,0,0,0,0,0,0,1967,122,3.8197
1072,1073,Shallow Grave (1994),01-Jan-1994,0,0,0,0,0,0,0,0,0,0,0,0,0,0,0,0,1,0,0,1994,66,3.8182
206,207,Cyrano de Bergerac (1990),01-Jan-1990,0,1,0,0,0,0,0,0,1,0,0,0,0,0,1,0,0,0,0,1990,66,3.8182
427,428,Harold and Maude (1971),01-Jan-1971,0,0,0,0,0,1,0,0,0,0,0,0,0,0,0,0,0,0,0,1971,121,3.8182
174,175,Brazil (1985),01-Jan-1985,0,0,0,0,0,0,0,0,0,0,0,0,0,0,0,1,0,0,0,1985,208,3.8173
506,507,"Streetcar Named Desire, A (1951)",01-Jan-1951,0,0,0,0,0,0,0,0,1,0,0,0,0,0,0,0,0,0,0,1951,98,3.8163
484,485,My Fair Lady (1964),01-Jan-1964,0,0,0,0,0,0,0,0,0,0,0,0,1,0,1,0,0,0,0,1964,125,3.816
227,228,Star Trek: The Wrath of Khan (1982),01-Jan-1982,0,1,1,0,0,0,0,0,0,0,0,0,0,0,0,1,0,0,0,1982,244,3.8156
94,95,Aladdin (1992),01-Jan-1992,0,0,0,1,1,1,0,0,0,0,0,0,1,0,0,0,0,0,0,1992,219,3.8128
442,443,"Birds, The (1963)",01-Jan-1963,0,0,0,0,0,0,0,0,0,0,0,1,0,0,0,0,0,0,0,1963,162,3.8086
41,42,Clerks (1994),01-Jan-1994,0,0,0,0,0,1,0,0,0,0,0,0,0,0,0,0,0,0,0,1994,148,3.8041
461,462,Like Water For Chocolate (Como agua para chocolate) (1992),01-Jan-1992,0,0,0,0,0,0,0,0,1,0,0,0,0,0,1,0,0,0,0,1992,148,3.8041
125,126,"Spitfire Grill, The (1996)",06-Sep-1996,0,0,0,0,0,0,0,0,1,0,0,0,0,0,0,0,0,0,0,1996,97,3.8041
257,258,Contact (1997),11-Jul-1997,0,0,0,0,0,0,0,0,1,0,0,0,0,0,0,1,0,0,0,1997,509,3.8035
292,293,Donnie Brasco (1997),28-Feb-1997,0,0,0,0,0,0,1,0,1,0,0,0,0,0,0,0,0,0,0,1997,147,3.8027
968,969,Winnie the Pooh and the Blustery Day (1968),01-Jan-1968,0,0,0,1,1,0,0,0,0,0,0,0,0,0,0,0,0,0,0,1968,75,3.8
6,7,Twelve Monkeys (1995),01-Jan-1995,0,0,0,0,0,0,0,0,1,0,0,0,0,0,0,1,0,0,0,1995,392,3.7985
485,486,Sabrina (1954),01-Jan-1954,0,0,0,0,0,1,0,0,0,0,0,0,0,0,1,0,0,0,0,1954,64,3.7969
96,97,Dances with Wolves (1990),01-Jan-1990,0,0,1,0,0,0,0,0,1,0,0,0,0,0,0,0,0,0,1,1990,256,3.793
683,684,In the Line of Fire (1993),01-Jan-1993,0,1,0,0,0,0,0,0,0,0,0,0,0,0,0,0,1,0,0,1993,169,3.7929
267,268,Chasing Amy (1997),01-Jan-1997,0,0,0,0,0,0,0,0,1,0,0,0,0,0,1,0,0,0,0,1997,255,3.7922
587,588,Beauty and the Beast (1991),01-Jan-1991,0,0,0,1,1,0,0,0,0,0,0,0,1,0,0,0,0,0,0,1991,202,3.7921
918,919,"City of Lost Children, The (1995)",01-Jan-1995,0,0,1,0,0,0,0,0,0,0,0,0,0,0,0,1,0,0,0,1995,96,3.7917
490,491,"Adventures of Robin Hood, The (1938)",01-Jan-1938,0,1,1,0,0,0,0,0,0,0,0,0,0,0,0,0,0,0,0,1938,67,3.791
31,32,Crumb (1994),01-Jan-1994,0,0,0,0,0,0,0,1,0,0,0,0,0,0,0,0,0,0,0,1994,81,3.7901
152,153,"Fish Called Wanda, A (1988)",01-Jan-1988,0,0,0,0,0,1,0,0,0,0,0,0,0,0,0,0,0,0,0,1988,247,3.7854
70,71,"Lion King, The (1994)",01-Jan-1994,0,0,0,1,1,0,0,0,0,0,0,0,1,0,0,0,0,0,0,1994,220,3.7818
14,15,Mr. Holland's Opus (1995),29-Jan-1996,0,0,0,0,0,0,0,0,1,0,0,0,0,0,0,0,0,0,0,1996,293,3.7782
468,469,Short Cuts (1993),01-Jan-1993,0,0,0,0,0,0,0,0,1,0,0,0,0,0,0,0,0,0,0,1993,67,3.7761
233,234,Jaws (1975),01-Jan-1975,0,1,0,0,0,0,0,0,0,0,0,1,0,0,0,0,0,0,0,1975,280,3.775
1100,1101,Six Degrees of Separation (1993),01-Jan-1993,0,0,0,0,0,0,0,0,1,0,0,0,0,1,0,0,0,0,0,1993,74,3.7703
431,432,Fantasia (1940),01-Jan-1940,0,0,0,1,1,0,0,0,0,0,0,0,1,0,0,0,0,0,0,1940,174,3.7701
51,52,"Madness of King George, The (1994)",01-Jan-1994,0,0,0,0,0,0,0,0,1,0,0,0,0,0,0,0,0,0,0,1994,91,3.7692
516,517,Manhattan (1979),01-Jan-1979,0,0,0,0,0,1,0,0,1,0,0,0,0,0,1,0,0,0,0,1979,91,3.7692
297,298,Face/Off (1997),27-Jun-1997,0,1,0,0,0,0,0,0,0,0,0,0,0,0,0,1,1,0,0,1997,194,3.768
142,143,"Sound of Music, The (1965)",01-Jan-1965,0,0,0,0,0,0,0,0,0,0,0,0,1,0,0,0,0,0,0,1965,222,3.7658
659,660,Fried Green Tomatoes (1991),01-Jan-1991,0,0,0,0,0,0,0,0,1,0,0,0,0,0,0,0,0,0,0,1991,153,3.7647
201,202,Groundhog Day (1993),01-Jan-1993,0,0,0,0,0,1,0,0,0,0,0,0,0,0,1,0,0,0,0,1993,280,3.7643
153,154,Monty Python's Life of Brian (1979),01-Jan-1979,0,0,0,0,0,1,0,0,0,0,0,0,0,0,0,0,0,0,0,1979,174,3.7471
256,257,Men in Black (1997),04-Jul-1997,0,1,1,0,0,1,0,0,0,0,0,0,0,0,0,1,0,0,0,1997,303,3.7459
613,614,Giant (1956),01-Jan-1956,0,0,0,0,0,0,0,0,1,0,0,0,0,0,0,0,0,0,0,1956,51,3.7451
424,425,Bob Roberts (1992),01-Jan-1992,0,0,0,0,0,1,0,0,0,0,0,0,0,0,0,0,0,0,0,1992,85,3.7412
220,221,Breaking the Waves (1996),15-Nov-1996,0,0,0,0,0,0,0,0,1,0,0,0,0,0,0,0,0,0,0,1996,74,3.7297
846,847,Looking for Richard (1996),11-Oct-1996,0,0,0,0,0,0,0,1,1,0,0,0,0,0,0,0,0,0,0,1996,55,3.7273
854,855,Diva (1981),01-Jan-1981,0,1,0,0,0,0,0,0,1,0,0,0,0,1,1,0,1,0,0,1981,66,3.7273
130,131,Breakfast at Tiffany's (1961),01-Jan-1961,0,0,0,0,0,0,0,0,1,0,0,0,0,0,1,0,0,0,0,1961,95,3.7263
418,419,Mary Poppins (1964),01-Jan-1964,0,0,0,0,1,1,0,0,0,0,0,0,1,0,0,0,0,0,0,1964,178,3.7247
92,93,Welcome to the Dollhouse (1995),24-May-1996,0,0,0,0,0,1,0,0,1,0,0,0,0,0,0,0,0,0,0,1996,112,3.7232
377,378,Miracle on 34th Street (1994),01-Jan-1994,0,0,0,0,0,0,0,0,1,0,0,0,0,0,0,0,0,0,0,1994,101,3.7228
791,792,Bullets Over Broadway (1994),01-Jan-1994,0,0,0,0,0,1,0,0,0,0,0,0,0,0,0,0,0,0,0,1994,86,3.7209
81,82,Jurassic Park (1993),01-Jan-1993,0,1,1,0,0,0,0,0,0,0,0,0,0,0,0,1,0,0,0,1993,261,3.7203
282,283,Emma (1996),02-Aug-1996,0,0,0,0,0,0,0,0,1,0,0,0,0,0,1,0,0,0,0,1996,177,3.7175
261,262,In the Company of Men (1997),01-Aug-1997,0,0,0,0,0,0,0,0,1,0,0,0,0,0,0,0,0,0,0,1997,66,3.7121
236,237,Jerry Maguire (1996),13-Dec-1996,0,0,0,0,0,0,0,0,1,0,0,0,0,0,1,0,0,0,0,1996,384,3.7109
98,99,Snow White and the Seven Dwarfs (1937),01-Jan-1937,0,0,0,1,1,0,0,0,0,0,0,0,1,0,0,0,0,0,0,1937,172,3.7093
54,55,"Professional, The (1994)",01-Jan-1994,0,0,0,0,0,0,1,0,1,0,0,0,0,0,1,0,1,0,0,1994,149,3.7047
501,502,Bananas (1971),01-Jan-1971,0,0,0,0,0,1,0,0,0,0,0,0,0,0,0,0,0,1,0,1971,57,3.7018
601,602,"American in Paris, An (1951)",01-Jan-1951,0,0,0,0,0,0,0,0,0,0,0,0,1,0,1,0,0,0,0,1951,50,3.7
214,215,Field of Dreams (1989),01-Jan-1989,0,0,0,0,0,0,0,0,1,0,0,0,0,0,0,0,0,0,0,1989,212,3.6981
275,276,Leaving Las Vegas (1995),01-Jan-1995,0,0,0,0,0,0,0,0,1,0,0,0,0,0,1,0,0,0,0,1995,298,3.698
116,117,"Rock, The (1996)",07-Jun-1996,0,1,1,0,0,0,0,0,0,0,0,0,0,0,0,0,1,0,0,1996,378,3.6931
156,157,Platoon (1986),01-Jan-1986,0,0,0,0,0,0,0,0,1,0,0,0,0,0,0,0,0,1,0,1986,127,3.6929
432,433,Heathers (1989),01-Jan-1989,0,0,0,0,0,1,0,0,0,0,0,0,0,0,0,0,0,0,0,1989,171,3.6901
302,303,Ulee's Gold (1997),01-Jan-1997,0,0,0,0,0,0,0,0,1,0,0,0,0,0,0,0,0,0,0,1997,134,3.6866
281,282,"Time to Kill, A (1996)",13-Jul-1996,0,0,0,0,0,0,0,0,1,0,0,0,0,0,0,0,0,0,0,1996,232,3.6853
187,188,Full Metal Jacket (1987),01-Jan-1987,0,1,0,0,0,0,0,0,1,0,0,0,0,0,0,0,0,1,0,1987,170,3.6824
310,311,"Wings of the Dove, The (1997)",01-Jan-1997,0,0,0,0,0,0,0,0,1,0,0,0,0,0,1,0,1,0,0,1997,75,3.68
685,686,"Perfect World, A (1993)",01-Jan-1993,0,1,0,0,0,0,0,0,1,0,0,0,0,0,0,0,0,0,0,1993,50,3.68
698,699,Little Women (1994),01-Jan-1994,0,0,0,0,0,0,0,0,1,0,0,0,0,0,0,0,0,0,0,1994,102,3.6765
247,248,Grosse Pointe Blank (1997),11-Apr-1997,0,0,0,0,0,1,1,0,0,0,0,0,0,0,0,0,0,0,0,1997,160,3.675
403,404,Pinocchio (1940),01-Jan-1940,0,0,0,1,1,0,0,0,0,0,0,0,0,0,0,0,0,0,0,1940,101,3.6733
557,558,Heavenly Creatures (1994),01-Jan-1994,0,0,0,0,0,0,0,0,1,1,0,0,0,0,0,0,1,0,0,1994,70,3.6714
469,470,Tombstone (1993),01-Jan-1993,0,0,0,0,0,0,0,0,0,0,0,0,0,0,0,0,0,0,1,1993,108,3.6667
291,292,Rosewood (1997),21-Feb-1997,0,0,0,0,0,0,0,0,1,0,0,0,0,0,0,0,0,0,0,1997,114,3.6667
419,420,Alice in Wonderland (1951),01-Jan-1951,0,0,0,1,1,0,0,0,0,0,0,0,1,0,0,0,0,0,0,1951,81,3.6667
745,746,Real Genius (1985),01-Jan-1985,0,0,0,0,0,1,0,0,0,0,0,0,0,0,0,0,0,0,0,1985,119,3.6639
69,70,Four Weddings and a Funeral (1994),01-Jan-1994,0,0,0,0,0,1,0,0,0,0,0,0,0,0,1,0,0,0,0,1994,251,3.6614
494,495,Around the World in 80 Days (1956),01-Jan-1956,0,0,1,0,0,1,0,0,0,0,0,0,0,0,0,0,0,0,0,1956,59,3.661
1118,1119,Some Kind of Wonderful (1987),01-Jan-1987,0,0,0,0,0,0,0,0,1,0,0,0,0,0,1,0,0,0,0,1987,59,3.661
221,222,Star Trek: First Contact (1996),22-Nov-1996,0,1,1,0,0,0,0,0,0,0,0,0,0,0,0,1,0,0,0,1996,365,3.6603
285,286,"English Patient, The (1996)",15-Nov-1996,0,0,0,0,0,0,0,0,1,0,0,0,0,0,1,0,0,1,0,1996,481,3.657
343,344,"Apostle, The (1997)",18-Dec-1997,0,0,0,0,0,0,0,0,1,0,0,0,0,0,0,0,0,0,0,1997,55,3.6545
517,518,Miller's Crossing (1990),01-Jan-1990,0,0,0,0,0,0,0,0,1,0,0,0,0,0,0,0,0,0,0,1990,89,3.6517
731,732,Dave (1993),01-Jan-1993,0,0,0,0,0,1,0,0,0,0,0,0,0,0,1,0,0,0,0,1993,180,3.65
692,693,Casino (1995),01-Jan-1995,0,0,0,0,0,0,0,0,1,0,0,0,0,0,0,0,0,0,0,1995,91,3.6484
567,568,Speed (1994),01-Jan-1994,0,1,0,0,0,0,0,0,0,0,0,0,0,0,1,0,1,0,0,1994,230,3.6478
57,58,Quiz Show (1994),01-Jan-1994,0,0,0,0,0,0,0,0,1,0,0,0,0,0,0,0,0,0,0,1994,175,3.6457
741,742,Ransom (1996),08-Nov-1996,0,0,0,0,0,0,0,0,1,0,0,0,0,0,0,0,1,0,0,1996,267,3.6442
304,305,"Ice Storm, The (1997)",01-Jan-1997,0,0,0,0,0,0,0,0,1,0,0,0,0,0,0,0,0,0,0,1997,87,3.6437
345,346,Jackie Brown (1997),01-Jan-1997,0,0,0,0,0,0,1,0,1,0,0,0,0,0,0,0,0,0,0,1997,126,3.6429
151,152,Sleeper (1973),01-Jan-1973,0,0,0,0,0,1,0,0,0,0,0,0,0,0,0,1,0,0,0,1973,82,3.6341
150,151,Willy Wonka and the Chocolate Factory (1971),01-Jan-1971,0,0,1,0,1,1,0,0,0,0,0,0,0,0,0,0,0,0,0,1971,326,3.6319
299,300,Air Force One (1997),01-Jan-1997,0,1,0,0,0,0,0,0,0,0,0,0,0,0,0,0,1,0,0,1997,431,3.6311
30,31,Crimson Tide (1995),01-Jan-1995,0,0,0,0,0,0,0,0,1,0,0,0,0,0,0,0,1,1,0,1995,154,3.6299
691,692,"American President, The (1995)",01-Jan-1995,0,0,0,0,0,1,0,0,1,0,0,0,0,0,1,0,0,0,0,1995,164,3.628
630,631,"Crying Game, The (1992)",01-Jan-1992,0,1,0,0,0,0,0,0,1,0,0,0,0,0,1,0,0,1,0,1992,119,3.6218
460,461,Smoke (1995),01-Jan-1995,0,0,0,0,0,0,0,0,1,0,0,0,0,0,0,0,0,0,0,1995,74,3.6216
91,92,True Romance (1993),01-Jan-1993,0,1,0,0,0,0,1,0,0,0,0,0,0,0,1,0,0,0,0,1993,104,3.6154
712,713,Othello (1995),18-Dec-1995,0,0,0,0,0,0,0,0,1,0,0,0,0,0,0,0,0,0,0,1995,72,3.6111
470,471,Courage Under Fire (1996),08-Mar-1996,0,0,0,0,0,0,0,0,1,0,0,0,0,0,0,0,0,1,0,1996,221,3.6109
886,887,Eve's Bayou (1997),01-Jan-1997,0,0,0,0,0,0,0,0,1,0,0,0,0,0,0,0,0,0,0,1997,64,3.6094
46,47,Ed Wood (1994),01-Jan-1994,0,0,0,0,0,1,0,0,1,0,0,0,0,0,0,0,0,0,0,1994,133,3.6015
581,582,"Piano, The (1993)",01-Jan-1993,0,0,0,0,0,0,0,0,1,0,0,0,0,0,1,0,0,0,0,1993,168,3.6012
590,591,Primal Fear (1996),30-Mar-1996,0,0,0,0,0,0,0,0,1,0,0,0,0,0,0,0,1,0,0,1996,178,3.6011
309,310,"Rainmaker, The (1997)",01-Jan-1997,0,0,0,0,0,0,0,0,1,0,0,0,0,0,0,0,0,0,0,1997,145,3.6
938,939,Murder in the First (1995),01-Jan-1995,0,0,0,0,0,0,0,0,1,0,0,0,0,0,0,0,1,0,0,1995,60,3.6
465,466,Red Rock West (1992),01-Jan-1992,0,0,0,0,0,0,0,0,0,0,0,0,0,0,0,0,1,0,0,1992,52,3.5962
269,270,Gattaca (1997),01-Jan-1997,0,0,0,0,0,0,0,0,1,0,0,0,0,0,0,1,1,0,0,1997,136,3.5956
507,508,"People vs. Larry Flynt, The (1996)",27-Dec-1996,0,0,0,0,0,0,0,0,1,0,0,0,0,0,0,0,0,0,0,1996,215,3.5953
381,382,"Adventures of Priscilla, Queen of the Desert, The (1994)",01-Jan-1994,0,0,0,0,0,1,0,0,1,0,0,0,0,0,0,0,0,0,0,1994,111,3.5946
420,421,William Shakespeare's Romeo and Juliet (1996),25-Oct-1996,0,0,0,0,0,0,0,0,1,0,0,0,0,0,1,0,0,0,0,1996,106,3.5943
332,333,"Game, The (1997)",01-Jan-1997,0,0,0,0,0,0,0,0,0,0,0,0,0,1,0,0,1,0,0,1997,251,3.5936
286,287,Marvin's Room (1996),18-Dec-1996,0,0,0,0,0,0,0,0,1,0,0,0,0,0,0,0,0,0,0,1996,78,3.5897
163,164,"Abyss, The (1989)",01-Jan-1989,0,1,1,0,0,0,0,0,0,0,0,0,0,0,0,1,1,0,0,1989,151,3.5894
90,91,"Nightmare Before Christmas, The (1993)",01-Jan-1993,0,0,0,0,1,1,0,0,0,0,0,0,1,0,0,0,0,0,0,1993,143,3.5874
339,340,Boogie Nights (1997),01-Jan-1997,0,0,0,0,0,0,0,0,1,0,0,0,0,0,0,0,0,0,0,1997,189,3.5873
608,609,Father of the Bride (1950),01-Jan-1950,0,0,0,0,0,1,0,0,0,0,0,0,0,0,0,0,0,0,0,1950,60,3.5833
417,418,Cinderella (1950),01-Jan-1950,0,0,0,1,1,0,0,0,0,0,0,0,1,0,0,0,0,0,0,1950,129,3.5814
565,566,Clear and Present Danger (1994),01-Jan-1994,0,1,1,0,0,0,0,0,0,0,0,0,0,0,0,0,1,0,0,1994,179,3.5698
709,710,Better Off Dead... (1985),01-Jan-1985,0,0,0,0,0,1,0,0,0,0,0,0,0,0,0,0,0,0,0,1985,79,3.5696
272,273,Heat (1995),01-Jan-1995,0,1,0,0,0,0,1,0,0,0,0,0,0,0,0,0,1,0,0,1995,223,3.5695
548,549,Rob Roy (1995),01-Jan-1995,0,0,0,0,0,0,0,0,1,0,0,0,0,0,1,0,0,1,0,1995,92,3.5652
464,465,"Jungle Book, The (1994)",01-Jan-1994,0,0,1,0,1,0,0,0,0,0,0,0,0,0,1,0,0,0,0,1994,85,3.5647
384,385,True Lies (1994),01-Jan-1994,0,1,1,0,0,1,0,0,0,0,0,0,0,0,1,0,0,0,0,1994,208,3.5625
124,125,Phenomenon (1996),29-Jun-1996,0,0,0,0,0,0,0,0,1,0,0,0,0,0,1,0,0,0,0,1996,244,3.5574
161,162,On Golden Pond (1981),01-Jan-1981,0,0,0,0,0,0,0,0,1,0,0,0,0,0,0,0,0,0,0,1981,106,3.5566
674,675,"Nosferatu (Nosferatu, eine Symphonie des Grauens) (1922)",01-Jan-1922,0,0,0,0,0,0,0,0,0,0,0,1,0,0,0,0,0,0,0,1922,54,3.5556
80,81,"Hudsucker Proxy, The (1994)",01-Jan-1994,0,0,0,0,0,1,0,0,0,0,0,0,0,0,1,0,0,0,0,1994,110,3.5545
162,163,"Return of the Pink Panther, The (1974)",01-Jan-1974,0,0,0,0,0,1,0,0,0,0,0,0,0,0,0,0,0,0,0,1974,92,3.5543
777,778,Don Juan DeMarco (1995),01-Jan-1995,0,0,0,0,0,1,0,0,1,0,0,0,0,0,1,0,0,0,0,1995,76,3.5526
3,4,Get Shorty (1995),01-Jan-1995,0,1,0,0,0,1,0,0,1,0,0,0,0,0,0,0,0,0,0,1995,209,3.5502
380,381,Muriel's Wedding (1994),01-Jan-1994,0,0,0,0,0,1,0,0,0,0,0,0,0,0,1,0,0,0,0,1994,100,3.55
65,66,While You Were Sleeping (1995),01-Jan-1995,0,0,0,0,0,1,0,0,0,0,0,0,0,0,1,0,0,0,0,1995,162,3.5494
240,241,"Last of the Mohicans, The (1992)",01-Jan-1992,0,1,0,0,0,0,0,0,0,0,0,0,0,0,1,0,0,1,0,1992,128,3.5469
583,584,"Secret Garden, The (1993)",01-Jan-1993,0,0,0,0,1,0,0,0,1,0,0,0,0,0,0,0,0,0,0,1993,79,3.5443
391,392,"Man Without a Face, The (1993)",01-Jan-1993,0,0,0,0,0,0,0,0,1,0,0,0,0,0,0,0,0,0,0,1993,68,3.5441
649,650,"Seventh Seal, The (Sjunde inseglet, Det) (1957)",01-Jan-1957,0,0,0,0,0,0,0,0,1,0,0,0,0,0,0,0,0,0,0,1957,72,3.5417
87,88,Sleepless in Seattle (1993),01-Jan-1993,0,0,0,0,0,1,0,0,0,0,0,0,0,0,1,0,0,0,0,1993,213,3.5399
330,331,"Edge, The (1997)",26-Sep-1997,0,0,1,0,0,0,0,0,0,0,0,0,0,0,0,0,1,0,0,1997,113,3.5398
64,65,What's Eating Gilbert Grape (1993),01-Jan-1993,0,0,0,0,0,1,0,0,1,0,0,0,0,0,0,0,0,0,0,1993,115,3.5391
127,128,Supercop (1992),26-Jul-1996,0,1,0,0,0,0,0,0,0,0,0,0,0,0,0,0,1,0,0,1996,65,3.5385
303,304,Fly Away Home (1996),13-Sep-1996,0,0,1,0,1,0,0,0,0,0,0,0,0,0,0,0,0,0,0,1996,149,3.5369
430,431,Highlander (1986),01-Jan-1986,0,1,1,0,0,0,0,0,0,0,0,0,0,0,0,0,0,0,0,1986,153,3.5359
435,436,"American Werewolf in London, An (1981)",01-Jan-1981,0,0,0,0,0,0,0,0,0,0,0,1,0,0,0,0,0,0,0,1981,99,3.5354
413,414,My Favorite Year (1982),01-Jan-1982,0,0,0,0,0,1,0,0,0,0,0,0,0,0,0,0,0,0,0,1982,62,3.5323
1011,1012,Private Parts (1997),07-Mar-1997,0,0,0,0,0,1,0,0,1,0,0,0,0,0,0,0,0,0,0,1997,100,3.53
672,673,Cape Fear (1962),01-Jan-1962,0,0,0,0,0,0,0,0,0,0,1,0,0,0,0,0,1,0,0,1962,86,3.5233
200,201,Evil Dead II (1987),01-Jan-1987,0,1,1,0,0,1,0,0,0,0,0,1,0,0,0,0,0,0,0,1987,89,3.5169
306,307,"Devil's Advocate, The (1997)",01-Jan-1997,0,0,0,0,0,0,1,0,0,0,0,1,0,1,0,0,1,0,0,1997,188,3.516
992,993,Hercules (1997),27-Jun-1997,0,0,1,1,1,1,0,0,0,0,0,0,1,0,0,0,0,0,0,1997,66,3.5152
627,628,Sleepers (1996),18-Oct-1996,0,0,0,0,0,0,1,0,1,0,0,0,0,0,0,0,0,0,0,1996,169,3.5148
238,239,Sneakers (1992),01-Jan-1992,0,0,0,0,0,0,1,0,1,0,0,0,0,0,0,1,0,0,0,1992,150,3.5133
346,347,Wag the Dog (1997),09-Jan-1998,0,0,0,0,0,1,0,0,1,0,0,0,0,0,0,0,0,0,0,1998,137,3.5109
446,447,Carrie (1976),01-Jan-1976,0,0,0,0,0,0,0,0,0,0,0,1,0,0,0,0,0,0,0,1976,121,3.5041
140,141,"20,000 Leagues Under the Sea (1954)",01-Jan-1954,0,0,1,0,1,0,0,0,0,1,0,0,0,0,0,1,0,0,0,1954,72,3.5
273,274,Sabrina (1995),01-Jan-1995,0,0,0,0,0,1,0,0,0,0,0,0,0,0,1,0,0,0,0,1995,190,3.5
500,501,Dumbo (1941),01-Jan-1941,0,0,0,1,1,0,0,0,0,0,0,0,1,0,0,0,0,0,0,1941,123,3.4959
1064,1065,Koyaanisqatsi (1983),01-Jan-1983,0,0,0,0,0,0,0,1,0,0,0,0,0,0,0,0,0,1,0,1983,53,3.4906
723,724,Circle of Friends (1995),01-Jan-1995,0,0,0,0,0,0,0,0,1,0,0,0,0,0,1,0,0,0,0,1995,76,3.4868
353,354,"Wedding Singer, The (1998)",13-Feb-1998,0,0,0,0,0,1,0,0,0,0,0,0,0,0,1,0,0,0,0,1998,72,3.4861
110,111,"Truth About Cats & Dogs, The (1996)",26-Apr-1996,0,0,0,0,0,1,0,0,0,0,0,0,0,0,1,0,0,0,0,1996,272,3.4853
415,416,Old Yeller (1957),01-Jan-1957,0,0,0,0,1,0,0,0,1,0,0,0,0,0,0,0,0,0,0,1957,64,3.4844
641,642,"Grifters, The (1990)",01-Jan-1990,0,0,0,0,0,0,1,0,1,0,1,0,0,0,0,0,0,0,0,1990,89,3.4831
160,161,Top Gun (1986),01-Jan-1986,0,1,0,0,0,0,0,0,0,0,0,0,0,0,1,0,0,0,0,1986,220,3.4818
728,729,Nell (1994),01-Jan-1994,0,0,0,0,0,0,0,0,1,0,0,0,0,0,0,0,0,0,0,1994,81,3.4815
249,250,"Fifth Element, The (1997)",09-May-1997,0,1,0,0,0,0,0,0,0,0,0,0,0,0,0,1,0,0,0,1997,197,3.4772
739,740,Jane Eyre (1996),05-Apr-1996,0,0,0,0,0,0,0,0,1,0,0,0,0,0,1,0,0,0,0,1996,63,3.4762
707,708,"Sex, Lies, and Videotape (1989)",01-Jan-1989,0,0,0,0,0,0,0,0,1,0,0,0,0,0,0,0,0,0,0,1989,101,3.4752
146,147,"Long Kiss Goodnight, The (1996)",05-Oct-1996,0,1,0,0,0,0,0,0,0,0,0,0,0,0,0,0,1,0,0,1996,185,3.4703
72,73,Maverick (1994),01-Jan-1994,0,1,0,0,0,1,0,0,0,0,0,0,0,0,0,0,0,0,1,1994,128,3.4688
958,959,Dazed and Confused (1993),01-Jan-1993,0,0,0,0,0,1,0,0,0,0,0,0,0,0,0,0,0,0,0,1993,64,3.4688
844,845,That Thing You Do! (1996),28-Sep-1996,0,0,0,0,0,1,0,0,0,0,0,0,0,0,0,0,0,0,0,1996,176,3.4659
276,277,Restoration (1995),01-Jan-1995,0,0,0,0,0,0,0,0,1,0,0,0,0,0,0,0,0,0,0,1995,71,3.4648
401,402,Ghost (1990),01-Jan-1990,0,0,0,0,0,1,0,0,0,0,0,0,0,0,1,0,1,0,0,1990,170,3.4647
159,160,Glengarry Glen Ross (1992),01-Jan-1992,0,0,0,0,0,0,0,0,1,0,0,0,0,0,0,0,0,0,0,1992,69,3.4638
331,332,Kiss the Girls (1997),01-Jan-1997,0,0,0,0,0,0,1,0,1,0,0,0,0,0,0,0,1,0,0,1997,143,3.4615
746,747,Benny & Joon (1993),01-Jan-1993,0,0,0,0,0,1,0,0,0,0,0,0,0,0,1,0,0,0,0,1993,102,3.4608
726,727,Immortal Beloved (1994),01-Jan-1994,0,0,0,0,0,0,0,0,1,0,0,0,0,0,1,0,0,0,0,1994,63,3.4603
805,806,Menace II Society (1993),01-Jan-1993,0,1,0,0,0,0,1,0,1,0,0,0,0,0,0,0,0,0,0,1993,50,3.46
1015,1016,Con Air (1997),06-Jun-1997,0,1,1,0,0,0,0,0,0,0,0,0,0,0,0,0,1,0,0,1997,137,3.4599
366,367,Clueless (1995),01-Jan-1995,0,0,0,0,0,1,0,0,0,0,0,0,0,0,0,0,0,0,0,1995,170,3.4588
689,690,Seven Years in Tibet (1997),01-Jan-1997,0,0,0,0,0,0,0,0,1,0,0,0,0,0,0,0,0,1,0,1997,155,3.4581
50,51,Legends of the Fall (1994),01-Jan-1994,0,0,0,0,0,0,0,0,1,0,0,0,0,0,1,0,0,1,1,1994,81,3.4568
211,212,"Unbearable Lightness of Being, The (1988)",01-Jan-1988,0,0,0,0,0,0,0,0,1,0,0,0,0,0,0,0,0,0,0,1988,92,3.4565
743,744,Michael Collins (1996),11-Oct-1996,0,0,0,0,0,0,0,0,1,0,0,0,0,0,0,0,0,1,0,1996,92,3.4565
217,218,Cape Fear (1991),01-Jan-1991,0,0,0,0,0,0,0,0,0,0,0,0,0,0,0,0,1,0,0,1991,171,3.4561
32,33,Desperado (1995),01-Jan-1995,0,1,0,0,0,0,0,0,0,0,0,0,0,0,1,0,1,0,0,1995,97,3.4536
25,26,"Brothers McMullen, The (1995)",01-Jan-1995,0,0,0,0,0,1,0,0,0,0,0,0,0,0,0,0,0,0,0,1995,73,3.4521
23,24,Rumble in the Bronx (1995),23-Feb-1996,0,1,1,0,0,0,1,0,0,0,0,0,0,0,0,0,0,0,0,1996,174,3.4483
740,741,"Last Supper, The (1995)",05-Apr-1996,0,0,0,0,0,0,0,0,1,0,0,0,0,0,0,0,1,0,0,1996,58,3.4483
229,230,Star Trek IV: The Voyage Home (1986),01-Jan-1986,0,1,1,0,0,0,0,0,0,0,0,0,0,0,0,1,0,0,0,1986,199,3.4472
720,721,Mallrats (1995),01-Jan-1995,0,0,0,0,0,1,0,0,0,0,0,0,0,0,0,0,0,0,0,1995,54,3.4444
24,25,"Birdcage, The (1996)",08-Mar-1996,0,0,0,0,0,1,0,0,0,0,0,0,0,0,0,0,0,0,0,1996,293,3.4437
287,288,Scream (1996),20-Dec-1996,0,0,0,0,0,0,0,0,0,0,0,1,0,0,0,0,1,0,0,1996,478,3.4414
120,121,Independence Day (ID4) (1996),03-Jul-1996,0,1,0,0,0,0,0,0,0,0,0,0,0,0,0,1,0,1,0,1996,429,3.4382
183,184,Army of Darkness (1993),01-Jan-1993,0,1,1,0,0,1,0,0,0,0,0,1,0,0,0,1,0,0,0,1993,116,3.431
108,109,Mystery Science Theater 3000: The Movie (1996),19-Apr-1996,0,0,0,0,0,1,0,0,0,0,0,0,0,0,0,1,0,0,0,1996,130,3.4308
402,403,Batman (1989),01-Jan-1989,0,1,1,0,0,0,1,0,1,0,0,0,0,0,0,0,0,0,0,1989,201,3.4279
750,751,Tomorrow Never Dies (1997),01-Jan-1997,0,1,0,0,0,0,0,0,0,0,0,0,0,0,1,0,1,0,0,1997,180,3.4278
661,662,Somewhere in Time (1980),01-Jan-1980,0,0,0,0,0,0,0,0,1,0,0,0,0,0,1,0,0,0,0,1980,82,3.4268
537,538,Anastasia (1997),01-Jan-1997,0,0,0,1,1,0,0,0,0,0,0,0,1,0,0,0,0,0,0,1997,66,3.4242
327,328,Conspiracy Theory (1997),08-Aug-1997,0,1,0,0,0,0,0,0,0,0,0,0,0,1,1,0,1,0,0,1997,295,3.4237
615,616,Night of the Living Dead (1968),01-Jan-1968,0,0,0,0,0,0,0,0,0,0,0,1,0,0,0,1,0,0,0,1968,64,3.4219
12,13,Mighty Aphrodite (1995),30-Oct-1995,0,0,0,0,0,1,0,0,0,0,0,0,0,0,0,0,0,0,0,1995,184,3.4185
67,68,"Crow, The (1994)",01-Jan-1994,0,1,0,0,0,0,0,0,0,0,0,0,0,0,1,0,1,0,0,1994,134,3.4179
657,658,Pump Up the Volume (1990),01-Jan-1990,0,0,0,0,0,0,0,0,1,0,0,0,0,0,0,0,0,0,0,1990,79,3.4177
19,20,Angels and Insects (1995),01-Jan-1995,0,0,0,0,0,0,0,0,1,0,0,0,0,0,1,0,0,0,0,1995,72,3.4167
392,393,Mrs. Doubtfire (1993),01-Jan-1993,0,0,0,0,0,1,0,0,0,0,0,0,0,0,0,0,0,0,0,1993,192,3.4115
75,76,Carlito's Way (1993),01-Jan-1993,0,0,0,0,0,0,1,0,1,0,0,0,0,0,0,0,0,0,0,1993,54,3.4074
294,295,Breakdown (1997),02-May-1997,0,1,0,0,0,0,0,0,0,0,0,0,0,0,0,0,1,0,0,1997,77,3.4026
344,345,Deconstructing Harry (1997),01-Jan-1997,0,0,0,0,0,1,0,0,1,0,0,0,0,0,0,0,0,0,0,1997,65,3.4
923,924,White Squall (1996),01-Jan-1996,0,0,1,0,0,0,0,0,1,0,0,0,0,0,0,0,0,0,0,1996,85,3.4
648,649,Once Upon a Time in America (1984),01-Jan-1984,0,0,0,0,0,0,1,0,1,0,0,0,0,0,0,0,1,0,0,1984,50,3.4
761,762,Beautiful Girls (1996),09-Feb-1996,0,0,0,0,0,0,0,0,1,0,0,0,0,0,0,0,0,0,0,1996,115,3.3913
762,763,Happy Gilmore (1996),16-Feb-1996,0,0,0,0,0,1,0,0,0,0,0,0,0,0,0,0,0,0,0,1996,149,3.3893
447,448,"Omen, The (1976)",01-Jan-1976,0,0,0,0,0,0,0,0,0,0,0,1,0,0,0,0,0,0,0,1976,85,3.3882
769,770,Devil in a Blue Dress (1995),01-Jan-1995,0,0,0,0,0,0,1,0,0,0,1,0,0,1,0,0,1,0,0,1995,57,3.386
753,754,Red Corner (1997),01-Jan-1997,0,0,0,0,0,0,1,0,0,0,0,0,0,0,0,0,1,0,0,1997,57,3.386
386,387,"Age of Innocence, The (1993)",01-Jan-1993,0,0,0,0,0,0,0,0,1,0,0,0,0,0,0,0,0,0,0,1993,65,3.3846
355,356,"Client, The (1994)",01-Jan-1994,0,0,0,0,0,0,0,0,1,0,0,0,0,1,0,0,1,0,0,1994,97,3.3814
205,206,Akira (1988),01-Jan-1988,0,0,1,1,0,0,0,0,0,0,0,0,0,0,0,1,1,0,0,1988,50,3.38
595,596,"Hunchback of Notre Dame, The (1996)",21-Jun-1996,0,0,0,1,1,0,0,0,0,0,0,0,1,0,0,0,0,0,0,1996,127,3.378
326,327,Cop Land (1997),01-Jan-1997,0,0,0,0,0,0,1,0,1,0,0,0,0,1,0,0,0,0,0,1997,175,3.3771
1008,1009,Stealing Beauty (1996),14-Jun-1996,0,0,0,0,0,0,0,0,1,0,0,0,0,0,0,0,0,0,0,1996,64,3.375
290,291,Absolute Power (1997),14-Feb-1997,0,0,0,0,0,0,0,0,0,0,0,0,0,1,0,0,1,0,0,1997,127,3.3701
219,220,"Mirror Has Two Faces, The (1996)",15-Nov-1996,0,0,0,0,0,1,0,0,0,0,0,0,0,0,1,0,0,0,0,1996,66,3.3636
254,255,My Best Friend's Wedding (1997),20-Jun-1997,0,0,0,0,0,1,0,0,0,0,0,0,0,0,1,0,0,0,0,1997,172,3.3605
325,326,G.I. Jane (1997),01-Jan-1997,0,1,0,0,0,0,0,0,1,0,0,0,0,0,0,0,0,1,0,1997,175,3.36
333,334,U Turn (1997),01-Jan-1997,0,1,0,0,0,0,1,0,0,0,0,0,0,1,0,0,0,0,0,1997,64,3.3594
684,685,Executive Decision (1996),09-Mar-1996,0,1,0,0,0,0,0,0,0,0,0,0,0,0,0,0,1,0,0,1996,157,3.3567
225,226,Die Hard 2 (1990),01-Jan-1990,0,1,0,0,0,0,0,0,0,0,0,0,0,0,0,0,1,0,0,1990,166,3.3554
213,214,Pink Floyd - The Wall (1982),01-Jan-1982,0,0,0,0,0,0,0,0,1,0,0,0,1,0,0,0,0,1,0,1982,114,3.3509
450,451,Grease (1978),01-Jan-1978,0,0,0,0,0,1,0,0,0,0,0,0,1,0,1,0,0,0,0,1978,170,3.3471
43,44,Dolores Claiborne (1994),01-Jan-1994,0,0,0,0,0,0,0,0,1,0,0,0,0,0,0,0,1,0,0,1994,79,3.3418
948,949,How to Make an American Quilt (1995),01-Jan-1995,0,0,0,0,0,0,0,0,1,0,0,0,0,0,1,0,0,0,0,1995,71,3.338
675,676,"Crucible, The (1996)",27-Nov-1996,0,0,0,0,0,0,0,0,1,0,0,0,0,0,0,0,0,0,0,1996,77,3.3377
628,629,Victor/Victoria (1982),01-Jan-1982,0,0,0,0,0,1,0,0,0,0,0,0,1,0,0,0,0,0,0,1982,77,3.3377
379,380,Star Trek: Generations (1994),01-Jan-1994,0,1,1,0,0,0,0,0,0,0,0,0,0,0,0,1,0,0,0,1994,116,3.3362
780,781,French Kiss (1995),01-Jan-1995,0,0,0,0,0,1,0,0,0,0,0,0,0,0,1,0,0,0,0,1995,84,3.3333
624,625,"Sword in the Stone, The (1963)",01-Jan-1963,0,0,0,1,1,0,0,0,0,0,0,0,0,0,0,0,0,0,0,1963,82,3.3293
738,739,Pretty Woman (1990),01-Jan-1990,0,0,0,0,0,1,0,0,0,0,0,0,0,0,1,0,0,0,0,1990,164,3.3232
48,49,I.Q. (1994),01-Jan-1994,0,0,0,0,0,1,0,0,0,0,0,0,0,0,1,0,0,0,0,1994,81,3.321
865,866,Michael (1996),25-Dec-1996,0,0,0,0,0,1,0,0,0,0,0,0,0,0,1,0,0,0,0,1996,119,3.3193
404,405,Mission: Impossible (1996),22-May-1996,0,1,1,0,0,0,0,0,0,0,0,0,0,1,0,0,0,0,0,1996,344,3.314
754,755,Jumanji (1995),01-Jan-1995,0,1,1,0,1,0,0,0,0,1,0,0,0,0,0,1,0,0,0,1995,96,3.3125
467,468,Rudy (1993),01-Jan-1993,0,0,0,0,0,0,0,0,1,0,0,0,0,0,0,0,0,0,0,1993,64,3.3125
300,301,In & Out (1997),19-Sep-1997,0,0,0,0,0,1,0,0,0,0,0,0,0,0,0,0,0,0,0,1997,230,3.3043
398,399,"Three Musketeers, The (1993)",01-Jan-1993,0,1,1,0,0,1,0,0,0,0,0,0,0,0,0,0,0,0,0,1993,89,3.3034
4,5,Copycat (1995),01-Jan-1995,0,0,0,0,0,0,1,0,1,0,0,0,0,0,0,0,1,0,0,1995,86,3.3023
232,233,Under Siege (1992),01-Jan-1992,0,1,0,0,0,0,0,0,0,0,0,0,0,0,0,0,0,0,0,1992,124,3.2903
552,553,"Walk in the Clouds, A (1995)",01-Jan-1995,0,0,0,0,0,0,0,0,1,0,0,0,0,0,1,0,0,0,0,1995,63,3.2857
549,550,Die Hard: With a Vengeance (1995),01-Jan-1995,0,1,0,0,0,0,0,0,0,0,0,0,0,0,0,0,1,0,0,1995,151,3.2848
226,227,Star Trek VI: The Undiscovered Country (1991),01-Jan-1991,0,1,1,0,0,0,0,0,0,0,0,0,0,0,0,1,0,0,0,1991,161,3.2795
76,77,"Firm, The (1993)",01-Jan-1993,0,0,0,0,0,0,0,0,1,0,0,0,0,0,0,0,1,0,0,1993,151,3.2781
714,715,To Die For (1995),01-Jan-1995,0,0,0,0,0,1,0,0,1,0,0,0,0,0,0,0,0,0,0,1995,87,3.2759
318,319,Everyone Says I Love You (1996),06-Dec-1996,0,0,0,0,0,1,0,0,0,0,0,0,1,0,1,0,0,0,0,1996,168,3.2738
878,879,"Peacemaker, The (1997)",01-Jan-1997,0,1,0,0,0,0,0,0,0,0,0,0,0,0,0,0,1,1,0,1997,136,3.2721
38,39,Strange Days (1995),01-Jan-1995,0,1,0,0,0,0,1,0,0,0,0,0,0,0,0,1,0,0,0,1995,87,3.2644
100,101,Heavy Metal (1981),08-Mar-1981,0,1,1,1,0,0,0,0,0,0,0,1,0,0,0,1,0,0,0,1981,73,3.2603
454,455,Jackie Chan's First Strike (1996),10-Jan-1997,0,1,0,0,0,0,0,0,0,0,0,0,0,0,0,0,0,0,0,1997,145,3.2552
248,249,Austin Powers: International Man of Mystery (1997),02-May-1997,0,0,0,0,0,1,0,0,0,0,0,0,0,0,0,0,0,0,0,1997,130,3.2462
635,636,Escape from New York (1981),01-Jan-1981,0,1,1,0,0,0,0,0,0,0,0,0,0,0,0,1,1,0,0,1981,91,3.2418
53,54,Outbreak (1995),01-Jan-1995,0,1,0,0,0,0,0,0,1,0,0,0,0,0,0,0,1,0,0,1995,104,3.2404
1016,1017,Trees Lounge (1996),11-Oct-1996,0,0,0,0,0,0,0,0,1,0,0,0,0,0,0,0,0,0,0,1996,50,3.24
122,123,"Frighteners, The (1996)",19-Jul-1996,0,0,0,0,0,1,0,0,0,0,0,1,0,0,0,0,0,0,0,1996,115,3.2348
277,278,Bed of Roses (1996),01-Jan-1996,0,0,0,0,0,0,0,0,1,0,0,0,0,0,1,0,0,0,0,1996,60,3.2333
270,271,Starship Troopers (1997),01-Jan-1997,0,1,1,0,0,0,0,0,0,0,0,0,0,0,0,1,0,1,0,1997,211,3.2322
814,815,One Fine Day (1996),30-Nov-1996,0,0,0,0,0,0,0,0,1,0,0,0,0,0,1,0,0,0,0,1996,112,3.2321
158,159,Basic Instinct (1992),01-Jan-1992,0,0,0,0,0,0,0,0,0,0,0,0,0,1,0,0,1,0,0,1992,101,3.2277
626,627,Robin Hood: Prince of Thieves (1991),01-Jan-1991,0,0,0,0,0,0,0,0,1,0,0,0,0,0,0,0,0,0,0,1991,75,3.2267
1010,1011,2 Days in the Valley (1996),27-Sep-1996,0,0,0,0,0,0,1,0,0,0,0,0,0,0,0,0,0,0,0,1996,93,3.2258
897,898,"Postman, The (1997)",01-Jan-1997,0,0,0,0,0,0,0,0,1,0,0,0,0,0,0,0,0,0,0,1997,58,3.2241
580,581,Kalifornia (1993),01-Jan-1993,0,0,0,0,0,0,0,0,1,0,0,0,0,0,0,0,1,0,0,1993,59,3.2203
894,895,Scream 2 (1997),01-Jan-1997,0,0,0,0,0,0,0,0,0,0,0,1,0,0,0,0,1,0,0,1997,106,3.217
117,118,Twister (1996),10-May-1996,0,1,1,0,0,0,0,0,0,0,0,0,0,0,0,0,1,0,0,1996,293,3.215
139,140,Homeward Bound: The Incredible Journey (1993),01-Jan-1993,0,0,1,0,1,0,0,0,0,0,0,0,0,0,0,0,0,0,0,1993,61,3.2131
476,477,Matilda (1996),02-Aug-1996,0,0,0,0,1,1,0,0,0,0,0,0,0,0,0,0,0,0,0,1996,95,3.2105
231,232,Young Guns (1988),01-Jan-1988,0,1,0,0,0,1,0,0,0,0,0,0,0,0,0,0,0,0,1,1988,101,3.2079
1,2,GoldenEye (1995),01-Jan-1995,0,1,1,0,0,0,0,0,0,0,0,0,0,0,0,0,1,0,0,1995,131,3.2061
147,148,"Ghost and the Darkness, The (1996)",11-Oct-1996,0,1,1,0,0,0,0,0,0,0,0,0,0,0,0,0,0,0,0,1996,128,3.2031
71,72,"Mask, The (1994)",01-Jan-1994,0,0,0,0,0,1,1,0,0,1,0,0,0,0,0,0,0,0,0,1994,129,3.1938
1040,1041,Forget Paris (1995),01-Jan-1995,0,0,0,0,0,1,0,0,0,0,0,0,0,0,1,0,0,0,0,1995,62,3.1935
279,280,Up Close and Personal (1996),01-Mar-1996,0,0,0,0,0,0,0,0,1,0,0,0,0,0,1,0,0,0,0,1996,85,3.1882
558,559,Interview with the Vampire (1994),01-Jan-1994,0,0,0,0,0,0,0,0,1,0,0,1,0,0,0,0,0,0,0,1994,137,3.1825
748,749,"MatchMaker, The (1997)",01-Jan-1997,0,0,0,0,0,1,0,0,0,0,0,0,0,0,1,0,0,0,0,1997,51,3.1765
618,619,Extreme Measures (1996),27-Sep-1996,0,0,0,0,0,0,0,0,1,0,0,0,0,0,0,0,1,0,0,1996,64,3.1719
218,219,"Nightmare on Elm Street, A (1984)",01-Jan-1984,0,0,0,0,0,0,0,0,0,0,0,1,0,0,0,0,0,0,0,1984,111,3.1712
879,880,Soul Food (1997),01-Jan-1997,0,0,0,0,0,0,0,0,1,0,0,0,0,0,0,0,0,0,0,1997,59,3.1695
534,535,Addicted to Love (1997),23-May-1997,0,0,0,0,0,1,0,0,0,0,0,0,0,0,1,0,0,0,0,1997,54,3.1667
370,371,"Bridges of Madison County, The (1995)",09-Feb-1996,0,0,0,0,0,0,0,0,1,0,0,0,0,0,1,0,0,0,0,1996,67,3.1642
863,864,My Fellow Americans (1996),20-Dec-1996,0,0,0,0,0,1,0,0,0,0,0,0,0,0,0,0,0,0,0,1996,86,3.1628
311,312,Midnight in the Garden of Good and Evil (1997),01-Jan-1997,0,0,0,0,0,1,1,0,1,0,0,0,0,1,0,0,0,0,0,1997,80,3.1625
1034,1035,Cool Runnings (1993),01-Jan-1993,0,0,0,0,0,1,0,0,0,0,0,0,0,0,0,0,0,0,0,1993,68,3.1618
283,284,Tin Cup (1996),16-Aug-1996,0,0,0,0,0,1,0,0,0,0,0,0,0,0,1,0,0,0,0,1996,193,3.1606
216,217,Bram Stoker's Dracula (1992),01-Jan-1992,0,0,0,0,0,0,0,0,0,0,0,1,0,0,1,0,0,0,0,1992,120,3.1583
293,294,Liar Liar (1997),21-Mar-1997,0,0,0,0,0,1,0,0,0,0,0,0,0,0,0,0,0,0,0,1997,485,3.1567
715,716,Home for the Holidays (1995),01-Jan-1995,0,0,0,0,0,0,0,0,1,0,0,0,0,0,1,0,0,0,0,1995,58,3.1552
543,544,Things to Do in Denver when You're Dead (1995),02-Feb-1996,0,0,0,0,0,0,1,0,1,0,0,0,0,0,1,0,0,0,0,1996,71,3.1549
577,578,Demolition Man (1993),01-Jan-1993,0,1,0,0,0,0,0,0,0,0,0,0,0,0,0,1,0,0,0,1993,92,3.1522
596,597,Eraser (1996),21-Jun-1996,0,1,0,0,0,0,0,0,0,0,0,0,0,0,0,0,1,0,0,1996,206,3.1505
688,689,"Jackal, The (1997)",01-Jan-1997,0,1,0,0,0,0,0,0,0,0,0,0,0,0,0,0,1,0,0,1997,87,3.1494
945,946,"Fox and the Hound, The (1981)",01-Jan-1981,0,0,0,1,1,0,0,0,0,0,0,0,0,0,0,0,0,0,0,1981,61,3.1475
280,281,"River Wild, The (1994)",01-Jan-1994,0,1,0,0,0,0,0,0,0,0,0,0,0,0,0,0,1,0,0,1994,146,3.1438
408,409,Jack (1996),07-Aug-1996,0,0,0,0,0,1,0,0,1,0,0,0,0,0,0,0,0,0,0,1996,70,3.1429
61,62,Stargate (1994),01-Jan-1994,0,1,1,0,0,0,0,0,0,0,0,0,0,0,0,1,0,0,0,1994,127,3.1417
695,696,City Hall (1996),16-Feb-1996,0,0,0,0,0,0,0,0,1,0,0,0,0,0,0,0,1,0,0,1996,79,3.1392
323,324,Lost Highway (1997),21-Feb-1997,0,0,0,0,0,0,0,0,0,0,0,0,0,1,0,0,0,0,0,1997,125,3.136
320,321,Mother (1996),25-Dec-1996,0,0,0,0,0,1,0,0,0,0,0,0,0,0,0,0,0,0,0,1996,169,3.1302
101,102,"Aristocats, The (1970)",01-Jan-1970,0,0,0,1,1,0,0,0,0,0,0,0,0,0,0,0,0,0,0,1970,54,3.1296
409,410,Kingpin (1996),12-Jul-1996,0,0,0,0,0,1,0,0,0,0,0,0,0,0,0,0,0,0,0,1996,162,3.1296
472,473,James and the Giant Peach (1996),12-Apr-1996,0,0,0,1,1,0,0,0,0,0,0,0,1,0,0,0,0,0,0,1996,126,3.127
747,748,"Saint, The (1997)",14-Mar-1997,0,1,0,0,0,0,0,0,0,0,0,0,0,0,1,0,1,0,0,1997,316,3.1234
457,458,Nixon (1995),01-Jan-1995,0,0,0,0,0,0,0,0,1,0,0,0,0,0,0,0,0,0,0,1995,90,3.1222
16,17,From Dusk Till Dawn (1996),05-Feb-1996,0,1,0,0,0,1,1,0,0,0,0,1,0,0,0,0,1,0,0,1996,92,3.1196
927,928,"Craft, The (1996)",26-Apr-1996,0,0,0,0,0,0,0,0,1,0,0,1,0,0,0,0,0,0,0,1996,104,3.1154
289,290,Fierce Creatures (1997),10-Jan-1997,0,0,0,0,0,1,0,0,0,0,0,0,0,0,0,0,0,0,0,1997,96,3.1146
228,229,Star Trek III: The Search for Spock (1984),01-Jan-1984,0,1,1,0,0,0,0,0,0,0,0,0,0,0,0,1,0,0,0,1984,171,3.1111
244,245,"Devil's Own, The (1997)",26-Mar-1997,0,1,0,0,0,0,0,0,1,0,0,0,0,0,0,0,1,1,0,1997,240,3.1083
26,27,Bad Boys (1995),01-Jan-1995,0,1,0,0,0,0,0,0,0,0,0,0,0,0,0,0,0,0,0,1995,57,3.1053
154,155,Dirty Dancing (1987),01-Jan-1987,0,0,0,0,0,0,0,0,0,0,0,0,1,0,1,0,0,0,0,1987,98,3.102
569,570,Wyatt Earp (1994),01-Jan-1994,0,0,0,0,0,0,0,0,0,0,0,0,0,0,0,0,0,0,1,1994,50,3.1
62,63,"Santa Clause, The (1994)",01-Jan-1994,0,0,0,0,1,1,0,0,0,0,0,0,0,0,0,0,0,0,0,1994,82,3.0976
342,343,Alien: Resurrection (1997),01-Jan-1997,0,1,0,0,0,0,0,0,0,0,0,1,0,0,0,1,0,0,0,1997,124,3.0968
416,417,"Parent Trap, The (1961)",01-Jan-1961,0,0,0,0,1,0,0,0,1,0,0,0,0,0,0,0,0,0,0,1961,73,3.0959
594,595,"Fan, The (1996)",16-Aug-1996,0,0,0,0,0,0,0,0,0,0,0,0,0,0,0,0,1,0,0,1996,64,3.0938
93,94,Home Alone (1990),01-Jan-1990,0,0,0,0,1,1,0,0,0,0,0,0,0,0,0,0,0,0,0,1990,137,3.0876
321,322,Murder at 1600 (1997),18-Apr-1997,0,0,0,0,0,0,0,0,0,0,0,0,0,1,0,0,1,0,0,1997,218,3.0872
471,472,Dragonheart (1996),31-May-1996,0,1,1,0,0,0,0,0,0,1,0,0,0,0,0,0,0,0,0,1996,158,3.0823
711,712,Tin Men (1987),01-Jan-1987,0,0,0,0,0,1,0,0,1,0,0,0,0,0,0,0,0,0,0,1987,51,3.0784
107,108,Kids in the Hall: Brain Candy (1996),12-Apr-1996,0,0,0,0,0,1,0,0,0,0,0,0,0,0,0,0,0,0,0,1996,65,3.0769
767,768,Casper (1995),01-Jan-1995,0,0,1,0,1,0,0,0,0,0,0,0,0,0,0,0,0,0,0,1995,52,3.0769
885,886,"Life Less Ordinary, A (1997)",01-Jan-1997,0,0,0,0,0,0,0,0,0,0,0,0,0,0,1,0,1,0,0,1997,53,3.0755
141,142,Bedknobs and Broomsticks (1971),01-Jan-1971,0,0,1,0,1,0,0,0,0,0,0,0,1,0,0,0,0,0,0,1971,57,3.0702
560,561,Mary Shelley's Frankenstein (1994),01-Jan-1994,0,0,0,0,0,0,0,0,1,0,0,1,0,0,0,0,0,0,0,1994,59,3.0678
1013,1014,Romy and Michele's High School Reunion (1997),25-Apr-1997,0,0,0,0,0,1,0,0,0,0,0,0,0,0,0,0,0,0,0,1997,98,3.0612
681,682,I Know What You Did Last Summer (1997),17-Oct-1997,0,0,0,0,0,0,0,0,0,0,0,1,0,1,0,0,1,0,0,1997,100,3.06
89,90,So I Married an Axe Murderer (1993),01-Jan-1993,0,0,0,0,0,1,0,0,0,0,0,0,0,0,1,0,1,0,0,1993,95,3.0526
66,67,Ace Ventura: Pet Detective (1994),01-Jan-1994,0,0,0,0,0,1,0,0,0,0,0,0,0,0,0,0,0,0,0,1994,103,3.0485
678,679,Conan the Barbarian (1981),01-Jan-1981,0,1,1,0,0,0,0,0,0,0,0,0,0,0,0,0,0,0,0,1981,107,3.0467
1027,1028,Grumpier Old Men (1995),01-Jan-1995,0,0,0,0,0,1,0,0,0,0,0,0,0,0,1,0,0,0,0,1995,148,3.0405
824,825,"Arrival, The (1996)",31-May-1996,0,1,0,0,0,0,0,0,0,0,0,0,0,0,0,1,1,0,0,1996,83,3.0361
84,85,"Ref, The (1994)",01-Jan-1994,0,0,0,0,0,1,0,0,0,0,0,0,0,0,0,0,0,0,0,1994,58,3.0345
448,449,Star Trek: The Motion Picture (1979),01-Jan-1979,0,1,1,0,0,0,0,0,0,0,0,0,0,0,0,1,0,0,0,1979,117,3.0342
2,3,Four Rooms (1995),01-Jan-1995,0,0,0,0,0,0,0,0,0,0,0,0,0,0,0,0,1,0,0,1995,90,3.0333
545,546,Broken Arrow (1996),09-Feb-1996,0,1,0,0,0,0,0,0,0,0,0,0,0,0,0,0,1,0,0,1996,254,3.0315
639,640,"Cook the Thief His Wife & Her Lover, The (1989)",01-Jan-1989,0,0,0,0,0,0,0,0,1,0,0,0,0,0,0,0,0,0,0,1989,82,3.0244
719,720,First Knight (1995),01-Jan-1995,0,1,1,0,0,0,0,0,1,0,0,0,0,0,1,0,0,0,0,1995,86,3.0233
575,576,Cliffhanger (1993),01-Jan-1993,0,1,1,0,0,0,1,0,0,0,0,0,0,0,0,0,0,0,0,1993,93,3.0215
701,702,Barcelona (1994),01-Jan-1994,0,0,0,0,0,1,0,0,0,0,0,0,0,0,1,0,0,0,0,1994,53,3.0189
475,476,"First Wives Club, The (1996)",14-Sep-1996,0,0,0,0,0,1,0,0,0,0,0,0,0,0,0,0,0,0,0,1996,160,3.0188
1047,1048,She's the One (1996),23-Aug-1996,0,0,0,0,0,1,0,0,0,0,0,0,0,0,1,0,0,0,0,1996,73,3.0137
37,38,"Net, The (1995)",01-Jan-1995,0,0,0,0,0,0,0,0,0,0,0,0,0,0,0,1,1,0,0,1995,120,3.0083
779,780,Dumb & Dumber (1994),01-Jan-1994,0,0,0,0,0,1,0,0,0,0,0,0,0,0,0,0,0,0,0,1994,69,3.0
736,737,Sirens (1994),01-Jan-1994,0,0,0,0,0,1,0,0,1,0,0,0,0,0,0,0,0,0,0,1994,59,2.9831
288,289,Evita (1996),25-Dec-1996,0,0,0,0,0,0,0,0,1,0,0,0,1,0,0,0,0,0,0,1996,259,2.9807
872,873,Picture Perfect (1997),01-Aug-1997,0,0,0,0,0,1,0,0,0,0,0,0,0,0,1,0,0,0,0,1997,81,2.963
1073,1074,Reality Bites (1994),01-Jan-1994,0,0,0,0,0,1,0,0,1,0,0,0,0,0,0,0,0,0,0,1994,77,2.961
166,167,Private Benjamin (1980),01-Jan-1980,0,0,0,0,0,1,0,0,0,0,0,0,0,0,0,0,0,0,0,1980,67,2.9552
52,53,Natural Born Killers (1994),01-Jan-1994,0,1,0,0,0,0,0,0,0,0,0,0,0,0,0,0,1,0,0,1994,128,2.9531
251,252,"Lost World: Jurassic Park, The (1997)",23-May-1997,0,1,1,0,0,0,0,0,0,0,0,0,0,0,0,1,1,0,0,1997,158,2.943
322,323,Dante's Peak (1997),07-Feb-1997,0,1,0,0,0,0,0,0,0,0,0,0,0,0,0,0,1,0,0,1997,240,2.9333
298,299,Hoodlum (1997),22-Aug-1997,0,0,0,0,0,0,1,0,1,0,1,0,0,0,0,0,0,0,0,1997,73,2.9315
721,722,Nine Months (1995),01-Jan-1995,0,0,0,0,0,1,0,0,0,0,0,0,0,0,0,0,0,0,0,1995,58,2.931
933,934,"Preacher's Wife, The (1996)",13-Dec-1996,0,0,0,0,0,0,0,0,1,0,0,0,0,0,0,0,0,0,0,1996,68,2.9265
341,342,"Man Who Knew Too Little, The (1997)",01-Jan-1997,0,0,0,0,0,1,0,0,0,0,0,0,0,1,0,0,0,0,0,1997,52,2.9231
410,411,"Nutty Professor, The (1996)",28-Jun-1996,0,0,0,0,0,1,0,0,0,1,0,0,0,0,1,1,0,0,0,1996,163,2.9141
789,790,Tommy Boy (1995),01-Jan-1995,0,0,0,0,0,1,0,0,0,0,0,0,0,0,0,0,0,0,0,1995,66,2.9091
224,225,101 Dalmatians (1996),27-Nov-1996,0,0,0,0,1,1,0,0,0,0,0,0,0,0,0,0,0,0,0,1996,109,2.9083
755,756,Father of the Bride Part II (1995),01-Jan-1995,0,0,0,0,0,1,0,0,0,0,0,0,0,0,0,0,0,0,0,1995,128,2.8984
39,40,"To Wong Foo, Thanks for Everything! Julie Newmar (1995)",01-Jan-1995,0,0,0,0,0,1,0,0,0,0,0,0,0,0,0,0,0,0,0,1995,57,2.8947
105,106,Diabolique (1996),01-Jan-1996,0,0,0,0,0,0,0,0,1,0,0,0,0,0,0,0,1,0,0,1996,71,2.8873
822,823,Mulholland Falls (1996),26-Apr-1996,0,0,0,0,0,0,1,0,0,0,1,0,0,0,0,0,1,0,0,1996,82,2.878
234,235,Mars Attacks! (1996),13-Dec-1996,0,1,0,0,0,1,0,0,0,0,0,0,0,0,0,1,0,1,0,1996,217,2.8479
1046,1047,Multiplicity (1996),12-Jul-1996,0,0,0,0,0,1,0,0,0,0,0,0,0,0,0,0,0,0,0,1996,134,2.8358
664,665,Alien 3 (1992),01-Jan-1992,0,1,0,0,0,0,0,0,0,0,0,1,0,0,0,1,1,0,0,1992,100,2.83
716,717,"Juror, The (1996)",01-Jan-1996,0,0,0,0,0,0,0,0,1,0,0,0,0,0,0,0,1,0,0,1996,82,2.8171
385,386,Addams Family Values (1993),01-Jan-1993,0,0,0,0,0,1,0,0,0,0,0,0,0,0,0,0,0,0,0,1993,87,2.8161
395,396,Serial Mom (1994),01-Jan-1994,0,0,0,0,0,1,1,0,0,0,0,1,0,0,0,0,0,0,0,1994,54,2.8148
677,678,Volcano (1997),25-Apr-1997,0,0,0,0,0,0,0,0,1,0,0,0,0,0,0,0,1,0,0,1997,219,2.8082
553,554,Waterworld (1995),01-Jan-1995,0,1,1,0,0,0,0,0,0,0,0,0,0,0,0,0,0,0,0,1995,102,2.8039
400,401,"Brady Bunch Movie, The (1995)",01-Jan-1995,0,0,0,0,0,1,0,0,0,0,0,0,0,0,0,0,0,0,0,1995,76,2.8026
239,240,Beavis and Butt-head Do America (1996),20-Dec-1996,0,0,0,1,0,1,0,0,0,0,0,0,0,0,0,0,0,0,0,1996,156,2.7885
383,384,Naked Gun 33 1/3: The Final Insult (1994),01-Jan-1994,0,0,0,0,0,1,0,0,0,0,0,0,0,0,0,0,0,0,0,1994,69,2.7826
138,139,"Love Bug, The (1969)",01-Jan-1969,0,0,0,0,1,1,0,0,0,0,0,0,0,0,0,0,0,0,0,1969,50,2.78
819,820,Space Jam (1996),15-Nov-1996,0,0,1,1,1,1,0,0,0,1,0,0,0,0,0,0,0,0,0,1996,93,2.7742
826,827,Daylight (1996),06-Dec-1996,0,1,1,0,0,0,0,0,0,0,0,0,0,0,0,0,1,0,0,1996,57,2.7719
79,80,Hot Shots! Part Deux (1993),01-Jan-1993,0,1,0,0,0,1,0,0,0,0,0,0,0,0,0,0,0,1,0,1993,68,2.7647
20,21,Muppet Treasure Island (1996),16-Feb-1996,0,1,1,0,0,1,0,0,0,0,0,0,1,0,0,0,1,0,0,1996,84,2.7619
891,892,Flubber (1997),01-Jan-1997,0,0,0,0,1,1,0,0,0,1,0,0,0,0,0,0,0,0,0,1997,53,2.7547
390,391,Last Action Hero (1993),01-Jan-1993,0,1,0,0,0,1,0,0,0,0,0,0,0,0,0,0,0,0,0,1993,59,2.7458
263,264,Mimic (1997),22-Aug-1997,0,0,0,0,0,0,0,0,0,0,0,0,0,0,0,1,1,0,0,1997,101,2.7426
874,875,She's So Lovely (1997),22-Aug-1997,0,0,0,0,0,0,0,0,1,0,0,0,0,0,1,0,0,0,0,1997,53,2.7358
671,672,Candyman (1992),01-Jan-1992,0,0,0,0,0,0,0,0,0,0,0,1,0,0,0,0,0,0,0,1992,65,2.7231
848,849,Days of Thunder (1990),01-Jan-1990,0,1,0,0,0,0,0,0,0,0,0,0,0,0,1,0,0,0,0,1990,53,2.717
925,926,Down Periscope (1996),01-Mar-1996,0,0,0,0,0,1,0,0,0,0,0,0,0,0,0,0,0,0,0,1996,101,2.703
568,569,Wolf (1994),01-Jan-1994,0,0,0,0,0,0,0,0,1,0,0,1,0,0,0,0,0,0,0,1994,67,2.7015
929,930,Chain Reaction (1996),31-Jul-1996,0,1,1,0,0,0,0,0,0,0,0,0,0,0,0,0,1,0,0,1996,80,2.7
258,259,George of the Jungle (1997),01-Jan-1997,0,0,0,0,1,1,0,0,0,0,0,0,0,0,0,0,0,0,0,1997,162,2.6852
230,231,Batman Returns (1992),01-Jan-1992,0,1,1,0,0,1,1,0,0,0,0,0,0,0,0,0,0,0,0,1992,142,2.6831
28,29,Batman Forever (1995),01-Jan-1995,0,1,1,0,0,1,1,0,0,0,0,0,0,0,0,0,0,0,0,1995,114,2.6667
451,452,Jaws 2 (1978),01-Jan-1978,0,1,0,0,0,0,0,0,0,0,0,1,0,0,0,0,0,0,0,1978,66,2.6667
839,840,Last Man Standing (1996),20-Sep-1996,0,1,0,0,0,0,0,0,1,0,0,0,0,0,0,0,0,0,1,1996,53,2.6604
337,338,Bean (1997),01-Jan-1997,0,0,0,0,0,1,0,0,0,0,0,0,0,0,0,0,0,0,0,1997,91,2.6593
368,369,Black Sheep (1996),02-Feb-1996,0,0,0,0,0,1,0,0,0,0,0,0,0,0,0,0,0,0,0,1996,55,2.6364
412,413,Tales from the Crypt Presents: Bordello of Blood (1996),19-Jul-1996,0,0,0,0,0,0,0,0,0,0,0,1,0,0,0,0,0,0,0,1996,55,2.6364
157,158,Weekend at Bernie's (1989),01-Jan-1989,0,0,0,0,0,1,0,0,0,0,0,0,0,0,0,0,0,0,0,1989,60,2.6167
357,358,Spawn (1997),01-Aug-1997,0,1,1,0,0,0,0,0,0,0,0,0,0,0,0,1,1,0,0,1997,143,2.6154
394,395,Robin Hood: Men in Tights (1993),01-Jan-1993,0,0,0,0,0,1,0,0,0,0,0,0,0,0,0,0,0,0,0,1993,56,2.5893
825,826,"Phantom, The (1996)",07-Jun-1996,0,0,1,0,0,0,0,0,0,0,0,0,0,0,0,0,0,0,0,1996,80,2.575
259,260,Event Horizon (1997),01-Jan-1997,0,1,0,0,0,0,0,0,0,0,0,0,0,1,0,1,1,0,0,1997,127,2.5748
104,105,Sgt. Bilko (1996),29-Mar-1996,0,0,0,0,0,1,0,0,0,0,0,0,0,0,0,0,0,0,0,1996,74,2.5676
440,441,"Amityville Horror, The (1979)",01-Jan-1979,0,0,0,0,0,0,0,0,0,0,0,1,0,0,0,0,0,0,0,1979,53,2.566
324,325,Crash (1996),21-Mar-1997,0,0,0,0,0,0,0,0,1,0,0,0,0,0,0,0,1,0,0,1997,128,2.5469
876,877,Excess Baggage (1997),01-Jan-1997,0,0,1,0,0,0,0,0,0,0,0,0,0,0,1,0,0,0,0,1997,52,2.5385
541,542,Pocahontas (1995),01-Jan-1995,0,0,0,1,1,0,0,0,0,0,0,0,1,0,1,0,0,0,0,1995,51,2.5294
830,831,Escape from L.A. (1996),09-Aug-1996,0,1,1,0,0,0,0,0,0,0,0,0,0,0,0,1,1,0,0,1996,91,2.4615
253,254,Batman & Robin (1997),20-Jun-1997,0,1,1,0,0,0,1,0,0,0,0,0,0,0,0,0,0,0,0,1997,62,2.4516
144,145,"Lawnmower Man, The (1992)",01-Jan-1992,0,1,0,0,0,0,0,0,0,0,0,0,0,0,0,1,1,0,0,1992,65,2.4462
242,243,Jungle2Jungle (1997),07-Mar-1997,0,0,0,0,1,1,0,0,0,0,0,0,0,0,0,0,0,0,0,1997,132,2.4394
870,871,Vegas Vacation (1997),14-Feb-1997,0,0,0,0,0,1,0,0,0,0,0,0,0,0,0,0,0,0,0,1997,75,2.4
411,412,"Very Brady Sequel, A (1996)",23-Aug-1996,0,0,0,0,0,1,0,0,0,0,0,0,0,0,0,0,0,0,0,1996,93,2.3978
449,450,Star Trek V: The Final Frontier (1989),01-Jan-1989,0,1,1,0,0,0,0,0,0,0,0,0,0,0,0,1,0,0,0,1989,63,2.3968
121,122,"Cable Guy, The (1996)",14-Jun-1996,0,0,0,0,0,1,0,0,0,0,0,0,0,0,0,0,0,0,0,1996,106,2.3396
987,988,"Beautician and the Beast, The (1997)",07-Feb-1997,0,0,0,0,0,1,0,0,0,0,0,0,0,0,1,0,0,0,0,1997,86,2.314
119,120,Striptease (1996),28-Jun-1996,0,0,0,0,0,1,1,0,0,0,0,0,0,0,0,0,0,0,0,1996,67,2.2388
686,687,McHale's Navy (1997),18-Apr-1997,0,0,0,0,0,1,0,0,0,0,0,0,0,0,0,0,0,1,0,1997,69,2.1884
930,931,"Island of Dr. Moreau, The (1996)",23-Aug-1996,0,0,0,0,0,0,0,0,0,0,0,0,0,0,0,1,1,0,0,1996,57,2.1579
